Name,Ticker,Exchange,Primary,Country,Currency
Virtus Newfleet AbsMbs Etf,VABS,BATS,XNYS,US,USD
Franklin Templeton Etf Tr Ftse Saudi Arabia Etf,FLSA,BATS,XNYS,US,USD
Ishares Trust Ishares Core High Dividend,HDV,BATS,XNYS,US,USD
Pacer Ipath Gold Trendpilot Etns,PBUG,BATS,XNYS,US,USD
Alger 35 Etf,ATFV,BATS,XNYS,US,USD
Jp Morgan Etf Trust Emerging Markets Sovereign Bond Etf Usd,JPMB,BATS,XNYS,US,USD
Gabelli Growth Innovators Etf,GGRW,BATS,XNYS,US,USD
Amplify Etf Tr Seymour Cannabis Etf,CNBS,BATS,XNYS,US,USD
Pimco Equity Series Rafi Dynamic Multi Factor Us Equity Etf,MFUS,BATS,XNYS,US,USD
Atac Us Rotation Etf,RORO,BATS,XNYS,US,USD
Columbia Etf Tr I Sustainable U S Equity Income Etf,ESGS,BATS,XNYS,US,USD
Alps Global Travel Beneficiaries Etf,JRNY,BATS,XNYS,US,USD
Vaneck Bdc Income Etf,BIZD,BATS,XNYS,US,USD
Inspire Faithward Mid Cap Momentum Esg Etf,GLRY,BATS,XNYS,US,USD
Invesco Esg SP 500 Equal Weight Etf,RSPE,BATS,XNYS,US,USD
Direxion Shares Etf Trust Daily 7-10Yr Treas Bear 3X,TYO,BATS,XNYS,US,USD
Vanguard Index Funds Vanguard Small-Cap Etf,VB,BATS,XNYS,US,USD
Listed Fund Trust Overlay Shs Foreign Equity Etf,OVF,BATS,XNYS,US,USD
Spdr Index Shares Funds Spdr Msci Acwi Ex-Us Etf,CWI,BATS,XNYS,US,USD
Hartford Longevity Economy Etf,HLGE,BATS,XNYS,US,USD
Ishares Trust Global Cons Disc Etf,RXI,BATS,XNYS,US,USD
Nationwide Dow Jones Risk Managed Income Etf,NDJI,BATS,XNYS,US,USD
Etfmg 2X Daily Inverse Alternative Harvest Etf,MJIN,BATS,XNYS,US,USD
Ecofin Global Water Esg Fund,EBLU,BATS,XNYS,US,USD
Etf Series Solutions Hoya Capital Housing Etf,HOMZ,BATS,XNYS,US,USD
Vanguard Intl Equity Index Funds Ftse Europe Etf,VGK,BATS,XNYS,US,USD
Spdr Bloomberg High Yield Bond Etf,JNK,BATS,XNYS,US,USD
Flexshares Trust International Quality Div Idx,IQDF,BATS,XNYS,US,USD
Core Alternative Etf,CCOR,BATS,XNYS,US,USD
Invesco Exchange Traded Fd Tr SP Midcap Value With Momentum Etf,XMVM,BATS,XNYS,US,USD
Spdr Series Trust Spdr SP 500 Value Etf,SPYV,BATS,XNYS,US,USD
Syntax Stratified US Total Market Etf,SYUS,BATS,XNYS,US,USD
Spdr Index Shares Funds Msci Eafe Strategicfactors Etf,QEFA,BATS,XNYS,US,USD
Ishares Trust Core SP Small-Cap Etf,IJR,BATS,XNYS,US,USD
Fidelity Covington Trust Msci Consumer Staples Index Etf,FSTA,BATS,XNYS,US,USD
Revere Sector Opportunity Etf,RSPY,BATS,XNYS,US,USD
Schwab Strategic Tr Us Broad Mkt Etf,SCHB,BATS,XNYS,US,USD
Putnam Focused Large Cap Value Etf,PVAL,BATS,XNYS,US,USD
Wisdomtree International Efficient Core Fund,NTSI,BATS,XNYS,US,USD
Direxion Daily Gold Miners Index Bear 2X Shares,DUST,BATS,XNYS,US,USD
Invesco Exchange Traded Fd Tr SP 500 Buy Write Etf,PBP,BATS,XNYS,US,USD
Uva Dividend Value Etf,UVDV,BATS,XNYS,US,USD
Allianzim US Large Cap Buffer10 Apr Etf,AZAA,BATS,XNYS,US,USD
Spdr Series Trust Spdr SP Semiconductor Etf,XSD,BATS,XNYS,US,USD
Invesco Vrdo Tax-Free Etf,PVI,BATS,XNYS,US,USD
Ishares 0-3 Month Treasury Bond Etf,SGOV,BATS,XNYS,US,USD
Proshares Trust Ultrashort Technology Post Rev Split,REW,BATS,XNYS,US,USD
Spdr Index Shares Funds Msci Eafe Fossil Fuel Reserves Free Etf,EFAX,BATS,XNYS,US,USD
Neuberger Berman Next Generation Connected Consumer Etf,NBCC,BATS,XNYS,US,USD
Ishares Trust Us Real Estate Etf Usd,IYR,BATS,XNYS,US,USD
Iq Cleaner Transport Etf,CLNR,BATS,XNYS,US,USD
Ishares Inc Msci Glbl Energy Produc Etf,FILL,BATS,XNYS,US,USD
First Trust Exch Traded Fund 2 First Tr Dj Gbl Select Divd,FGD,BATS,XNYS,US,USD
Wisdomtree Trust Europe Smallcap Dividend Fd Sbi Usd0001,DFE,BATS,XNYS,US,USD
Ishares Trust Global Tech Etf,IXN,BATS,XNYS,US,USD
Blackrock Intermediate Muni Income Bond Etf,INMU,BATS,XNYS,US,USD
Pimco Etf Trust Short Term Municipal Bond Etf,SMMU,BATS,XNYS,US,USD
Invesco Exchange Traded Fd Tr Ii SP 500 High Div Low Volatility Etf,SPHD,BATS,XNYS,US,USD
Columbia Etf Tr I Research Enhanced Value Etf,REVS,BATS,XNYS,US,USD
Direxion Daily SP Oil Gas Exp Prod Bear 2X Shares,DRIP,BATS,XNYS,US,USD
Fidelity Covington Trust Msci Energy Index Etf,FENY,BATS,XNYS,US,USD
Ishares Trust Msci Poland Etf,EPOL,BATS,XNYS,US,USD
T Rowe Price US Equity Research Etf,TSPA,BATS,XNYS,US,USD
Ishares Gold Trust Ishares New Post Rev Split,IAU,BATS,XNYS,US,USD
Direxion Shares Etf Trust Daily Csi China Internt Indx Bull2xRS,CWEB,BATS,XNYS,US,USD
Blackrock Future US Themes Etf,BTHM,BATS,XNYS,US,USD
Ishares Trust Genomics Immunology And Healthcare Etf,IDNA,BATS,XNYS,US,USD
Ishares Trust US Utilities Etf,IDU,BATS,XNYS,US,USD
Lifegoal Home Down Payment Investment Etf,HOM,BATS,XNYS,US,USD
Ishares Inflation Hedged High Yield Bond Etf,HYGI,BATS,XNYS,US,USD
Direxion Daily Junior Gold Miners Index Bull 2X Shares,JNUG,BATS,XNYS,US,USD
Invesco Exchange Traded Fd Tr Dynamic Networking Etf,PXQ,BATS,XNYS,US,USD
Spdr Series Trust Spdr SP 500 Fossil Fuel Reserves Free,SPYX,BATS,XNYS,US,USD
Direxion Shares Etf Trust Russell 1000 Value Over Growth Etf,RWVG,BATS,XNYS,US,USD
Global X Fds Msci China Real Estate Etf,CHIR,BATS,XNYS,US,USD
Flexshares Trust Morningstar Dev Ex-Us Mkts Factor Tilt,TLTD,BATS,XNYS,US,USD
Gabelli Automation Etf,GAST,BATS,XNYS,US,USD
Xtrackers High Beta High Yield Bond Etf,HYUP,BATS,XNYS,US,USD
Pacer Lunt Midcap Multi-Factor Alternator Etf,PAMC,BATS,XNYS,US,USD
Etfb Green Sri Reits Etf,RITA,BATS,XNYS,US,USD
Proshares Trust Ultrashort Qqq Etf Post Rev Split,QID,BATS,XNYS,US,USD
Cabana Target Drawdown 5 Etf,TDSA,BATS,XNYS,US,USD
Direxion Daily Tips Bull 2X Shares,TIPL,BATS,XNYS,US,USD
Cabana Target Drawdown 7 Etf,TDSB,BATS,XNYS,US,USD
Xtrackers Russell Us Multifactor Etf,DEUS,BATS,XNYS,US,USD
Direxion Daily Select Large Caps Fangs Bull 2X Shares,FNGG,BATS,XNYS,US,USD
Spdr Index Shares Funds Spdr Dj Intl Real Estate Etf,RWX,BATS,XNYS,US,USD
Etfis Series Trust I Infracap Reit Pfd Etf,PFFR,BATS,XNYS,US,USD
Vanguard World Fund Mega Cap Growth Etf,MGK,BATS,XNYS,US,USD
Direxion Daily Us Infrastructure Bull 2X Shares,DOZR,BATS,XNYS,US,USD
Flexshares Esg Climate High Yield Corporate Core Index Fund,FEHY,BATS,XNYS,US,USD
Ishares Trust Ibonds Dec 2028 Term Corporate Etf,IBDT,BATS,XNYS,US,USD
Bondbloxx Usd High Yield Bond Consumer Non-Cyclicals Sector Etf,XHYD,BATS,XNYS,US,USD
Proshares Smart Materials Etf,TINT,BATS,XNYS,US,USD
Spdr Index Shares Funds Dj Global Real Estate Etf,RWO,BATS,XNYS,US,USD
Vanguard Index Funds Vanguard Value Etf,VTV,BATS,XNYS,US,USD
Metaurus Equity Component Trust Us Equity Cumulative Div Fd Ser 2027,IDIV,BATS,XNYS,US,USD
Vanguard Admiral Fds Inc SP Midcap 400 Grth Idx Fd Etf Shs,IVOG,BATS,XNYS,US,USD
Etf Managers Trust Prime Junior Silver Miners Etf,SILJ,BATS,XNYS,US,USD
Amplify Etf Tr High Income Etf,YYY,BATS,XNYS,US,USD
American Century Select High Yield Etf,AHYB,BATS,XNYS,US,USD
Invesco Exchange Traded Fd Tr Ii SP Ultra Dividend Revenue Etf,RDIV,BATS,XNYS,US,USD
Flexshares Trust Ready Access Var Income Fd,RAVI,BATS,XNYS,US,USD
Ishares Trust National Muni Bond Etf,MUB,BATS,XNYS,US,USD
Proshares Trust Pshs Ult Scap600,SAA,BATS,XNYS,US,USD
Goldman Sachs Etf Trust Access Investment Grade Corporate Bond,GIGB,BATS,XNYS,US,USD
Invesco Db Commodty Indx Trackng Fd Unit,DBC,BATS,XNYS,US,USD
Franklin Municipal Green Bond Etf,FLMB,BATS,XNYS,US,USD
Direxion Shares Etf Trust Daily Pharmaceutical Medical Bull 3X Shs,PILL,BATS,XNYS,US,USD
Spdr Index Shares Funds Portfolio Developed World Ex-Us Etf,SPDW,BATS,XNYS,US,USD
Allianzim US Large Cap Buffer20 Apr Etf,AZBA,BATS,XNYS,US,USD
Etf Series Solutions Net Lease Corp Real Estate Etf,NETL,BATS,XNYS,US,USD
Principal Exchange-Traded Fds Spectrum Pfd Secs Active Etf,PREF,BATS,XNYS,US,USD
Timothy Plan International Etf,TPIF,BATS,XNYS,US,USD
Renaissance Cap Greenwich Funds Ipo Etf,IPO,BATS,XNYS,US,USD
Jpmorgan International Growth Etf,JIG,BATS,XNYS,US,USD
First Tr Exchange Traded Fd Iv Eip Carbon Impact Etf,ECLN,BATS,XNYS,US,USD
Invesco Exchange Traded Fd Tr Ii Fundamental High Yld Corp Etf,PHB,BATS,XNYS,US,USD
Vanguard Index Funds SP 500 Etf Usd,VOO,BATS,XNYS,US,USD
Ishares Trust US Basic Materials Etf,IYM,BATS,XNYS,US,USD
Ishares Us Etf Trust Int Rate Hdgd High Yield Bd,HYGH,BATS,XNYS,US,USD
Ishares 10 Year Investment Grade Corporate Bond Etf,IGLB,BATS,XNYS,US,USD
Ishares Trust Ibonds Dec 2024 Term Corporate Etf,IBDP,BATS,XNYS,US,USD
First Trust Exch Traded Fund 2 Shs First Trust Technology Alphadex Fund,FXL,BATS,XNYS,US,USD
T Rowe Price Blue Chip Growth Etf,TCHP,BATS,XNYS,US,USD
Ishares Trust SP Mid-Cap 400 Value Etf,IJJ,BATS,XNYS,US,USD
Schwab Strategic Tr Fundamental U S Large Co Index Etf,FNDX,BATS,XNYS,US,USD
Wisdomtree Mortgage Plus Bond Fund,MTGP,BATS,XNYS,US,USD
Nuveen Growth Opportunities Etf,NUGO,BATS,XNYS,US,USD
Vanguard World Fds Vanguard Consumer Discretionary Etf,VCR,BATS,XNYS,US,USD
Invesco Exchange Traded Fd Tr Ii SP Midcap Low Volatility Etf,XMLV,BATS,XNYS,US,USD
Natixis US Equity Opportunities Etf,EQOP,BATS,XNYS,US,USD
Franklin Templeton Etf Tr Libertyq Emerging Mkts Etf,FLQE,BATS,XNYS,US,USD
Wisdomtree Trust Emg Mkts Ex State Own Enterprises Usd,XSOE,BATS,XNYS,US,USD
Etracs Monthly Pay 15X Leveraged Mortgage Reit Etn,MVRL,BATS,XNYS,US,USD
Jp Morgan Etf Trust Diversified Return Us Small Cap Equity,JPSE,BATS,XNYS,US,USD
Ishares Trust Global Industrials Etf,EXI,BATS,XNYS,US,USD
Invesco Db Multi-Sector Comm Tr Energy Fd Etf,DBE,BATS,XNYS,US,USD
First Tr Exchange Traded Fd Iv Long Duration Opportunities Etf,LGOV,BATS,XNYS,US,USD
Spdr Series Trust SP Capital Mark Etf,KCE,BATS,XNYS,US,USD
Ishares Trust Currency Hedged Msci Cda Et,HEWC,BATS,XNYS,US,USD
Advisorshares Trust Ranger Equity Bear Etf NewPost Rev Splt,HDGE,BATS,XNYS,US,USD
Jp Morgan Etf Trust Us Quality Factor Etf,JQUA,BATS,XNYS,US,USD
Bny Mellon Us Mid Cap Core Equity Etf,BKMC,BATS,XNYS,US,USD
Listed Fund Trust Roundhill Bitkraft Esports Dig Ent Etf,NERD,BATS,XNYS,US,USD
Spdr Series Trust Spdr SP 500 Grwth Etf,SPYG,BATS,XNYS,US,USD
Spdr Portfolio SP 500 Etf,SPLG,BATS,XNYS,US,USD
Ishares Trust Moderate Allocation Etf,AOM,BATS,XNYS,US,USD
Ishares Commodity Curve Carry Strategy Etf,CCRV,BATS,XNYS,US,USD
Leadershares Alphafactor Tactical Focused Etf,LSAT,BATS,XNYS,US,USD
Etc 6 Meridian Mega Cap Equity Etf,SIXA,BATS,XNYS,US,USD
Vanguard World Fds Vanguard Utilities Etf,VPU,BATS,XNYS,US,USD
John Hancock Corporate Bond Etf,JHCB,BATS,XNYS,US,USD
Direxion Shares Etf Trust Daily 7-10 Yr Treas Bull 3X,TYD,BATS,XNYS,US,USD
Roundhill Meme Etf,MEME,BATS,XNYS,US,USD
Kraneshares Cicc China Consumer Leaders Index Etf,KBUY,BATS,XNYS,US,USD
Proshares Trust Ultrashort Msci Consumer SvcsRev Split,SCC,BATS,XNYS,US,USD
Proshares Trust Ultrapro Short Midcap 400 New Apr 21RS,SMDD,BATS,XNYS,US,USD
Iq Clean Oceans Etf,OCEN,BATS,XNYS,US,USD
First Trust Innovation Leaders Etf,ILDR,BATS,XNYS,US,USD
Ishares Trust Ibonds Dec 2023 Term Corporate Etf,IBDO,BATS,XNYS,US,USD
Invesco Exchange Traded Fd Tr SP 500 Equal Weight Etf,RSP,BATS,XNYS,US,USD
Invesco Exchange Traded Fd Tr Ii SP Intl Dev Low Volatility Etf,IDLV,BATS,XNYS,US,USD
Ishares Trust Global Finls Etf,IXG,BATS,XNYS,US,USD
Lattice Strategies Tr Hartford Multifactor Developed Markt Etf,RODM,BATS,XNYS,US,USD
Columbia Short Duration Bond Etf,SBND,BATS,XNYS,US,USD
Ishares Trust Currency Hedged Msci Eafe S,HSCZ,BATS,XNYS,US,USD
Genuine Investors Etf,GCIG,BATS,XNYS,US,USD
Advisorshares Restaurant Etf,EATZ,BATS,XNYS,US,USD
United States Gasoline Fund Lp Partnership Units,UGA,BATS,XNYS,US,USD
Motley Fool Capital Efficiency 100 Index Etf,TMFE,BATS,XNYS,US,USD
Spdr Series Trust SP Kensho Clean Power Etf,CNRG,BATS,XNYS,US,USD
Capital Group Core Equity Etf,CGUS,BATS,XNYS,US,USD
Global X Fds Uranium Etf Usd,URA,BATS,XNYS,US,USD
John Hancock Exchange Traded Fd Tr Multifactor Small Cap Etf,JHSC,BATS,XNYS,US,USD
Franklin Templeton Etf Tr Liberty Us Core Bond Etf,FLCB,BATS,XNYS,US,USD
Innovator Emerging Markets Power Buffer Etf - April,EAPR,BATS,XNYS,US,USD
Goldman Sachs Innovate Equity Etf,GINN,BATS,XNYS,US,USD
Dimensional International Core Equity Market Etf,DFAI,BATS,XNYS,US,USD
Goldman Sachs Access US Aggregate Bond Etf,GCOR,BATS,XNYS,US,USD
Vanguard World Fund Mega Cap 300 Index-Etf,MGC,BATS,XNYS,US,USD
Xtrackers SP Midcap 400 Esg Etf,MIDE,BATS,XNYS,US,USD
Spdr Portfolio SP 1500 Composite Stock Market Etf,SPTM,BATS,XNYS,US,USD
Direxion Shares Etf Trust Daily Msci Mexico Bull 3X Shares RS,MEXX,BATS,XNYS,US,USD
Spdr Series Trust Russell 1000 Low Volatility Focus Etf,ONEV,BATS,XNYS,US,USD
Jpmorgan Active Value Etf,JAVA,BATS,XNYS,US,USD
Blackrock Future Tech Etf,BTEK,BATS,XNYS,US,USD
Rivernorth Patriot Etf,FLDZ,BATS,XNYS,US,USD
Gabelli Financial Services Opportunities Etf,GABF,BATS,XNYS,US,USD
Amplify Emerging Markets Fintech Etf,EMFQ,BATS,XNYS,US,USD
Hoya Capital High Dividend Yield Etf,RIET,BATS,XNYS,US,USD
Ssga Active Tr Spdr Ssga Fixed Income Sector Rotation,FISR,BATS,XNYS,US,USD
American Century Sustainable Growth Etf,ESGY,BATS,XNYS,US,USD
Proshares Trust Ultrashort Consumer Goods New Apr 21RS,SZK,BATS,XNYS,US,USD
Global X Fds Msci China Information Technology Etf,CHIK,BATS,XNYS,US,USD
Direxion Shares Etf Trust Daily Healthcare Bull 3X Shs Etf,CURE,BATS,XNYS,US,USD
Kraneshares Global Carbon Transformation Etf,KGHG,BATS,XNYS,US,USD
Etfmg Prime 2X Daily Inverse Junior Silver Miners Etf,SINV,BATS,XNYS,US,USD
Amplify Thematic All-Stars Etf,MVPS,BATS,XNYS,US,USD
Pacer Fds Tr Us Cash Cows Growth Etf,BUL,BATS,XNYS,US,USD
Dimensional Us Core Equity Market Etf,DFAU,BATS,XNYS,US,USD
Ishares Trust Ibonds Dec 2022 Term Corporate Etf,IBDN,BATS,XNYS,US,USD
Timothy Plan Us LargeMid Cap Core Etf,TPLC,BATS,XNYS,US,USD
Spdr Series Trust Nyse Technology Etf,XNTK,BATS,XNYS,US,USD
Barclays Bank Plc Ipath Silvr Etn Gbl Med Term Nt 061049,SBUG,BATS,XNYS,US,USD
Invesco Db Multi-Sector Comm Tr Base Metals Fd Etf,DBB,BATS,XNYS,US,USD
Invesco Actively Managed Etf Trust SP 500 Downside Hedged Etf,PHDG,BATS,XNYS,US,USD
Spdr Series Trust Spdr Portfolio SP 500 High Dividend Etf,SPYD,BATS,XNYS,US,USD
Vaneck Mortgage Reit Income Etf,MORT,BATS,XNYS,US,USD
Pimco Etf Trust Intermediate Municipal Bond Etf,MUNI,BATS,XNYS,US,USD
Direxion Daily Fintech Bull 2X Shares,FNTC,BATS,XNYS,US,USD
BAD Etf,BAD,BATS,XNYS,US,USD
Direxion Shares Etf Trust Direxion Daily Small Cap Bull 3X Shs,TNA,BATS,XNYS,US,USD
First Trust Exch Traded Fund 2 Financial Alphadex Fd Usd,FXO,BATS,XNYS,US,USD
Ishares Trust Morningstar Small-Cap Etf,ISCB,BATS,XNYS,US,USD
Goldman Sachs Etf Trust Activebeta Intl Equity Etf,GSIE,BATS,XNYS,US,USD
Ishares Trust Yield Optimized Bd Etf,BYLD,BATS,XNYS,US,USD
Drivewealth Power Saver Etf,EERN,BATS,XNYS,US,USD
Jpmorgan Betabuilders Us Mid Cap Equity Etf,BBMC,BATS,XNYS,US,USD
Invesco Exchange Traded Fd Tr Ii Fundamental Invt Grade Corp Etf,PFIG,BATS,XNYS,US,USD
Bny Mellon Us Small Cap Core Equity Etf,BKSE,BATS,XNYS,US,USD
Xtrackers Msci All World Ex Us Hedged Equity Etf,DBAW,BATS,XNYS,US,USD
Exchange Traded Concepts Trust Emqq Emg Mkts Internet Ecommerce Etf,EMQQ,BATS,XNYS,US,USD
Etf Series Solutions Vident Intl Equity Fd,VIDI,BATS,XNYS,US,USD
Alps Etf Trust Riverfront Dynamic Us Flex Cap Etf,RFFC,BATS,XNYS,US,USD
Franklin Templeton Etf Tr Ftse United Kingdom Etf,FLGB,BATS,XNYS,US,USD
Merk Stagflation Etf,STGF,BATS,XNYS,US,USD
Franklin Templeton Etf Tr Franklin Ftse Asia Ex Japan Etf,FLAX,BATS,XNYS,US,USD
Ishares Trust Ibonds Dec 2022 Term Muni Bond Etf,IBMK,BATS,XNYS,US,USD
Spdr Series Trust Portfolio Short Term Corporate Bond Etf,SPSB,BATS,XNYS,US,USD
Direxion Shares Etf Trust Dirxon Dly Retail Bull 3X Shs PS,RETL,BATS,XNYS,US,USD
Avantis Responsible International Equity Etf,AVSD,BATS,XNYS,US,USD
Direxion Mrna Etf,MSGR,BATS,XNYS,US,USD
Iq Winslow Large Cap Growth Etf,IWLG,BATS,XNYS,US,USD
Ishares Trust Europe Etf,IEV,BATS,XNYS,US,USD
Proshares Trust SP 500 Ex Technology Etf,SPXT,BATS,XNYS,US,USD
Proshares Trust Ultrashort Ftse China 50,FXP,BATS,XNYS,US,USD
First Trust Skybridge Crypto Industry And Digital Economy Etf,CRPT,BATS,XNYS,US,USD
Proshares Trust Ultra Msci Japan,EZJ,BATS,XNYS,US,USD
Simplify Us Equity Plus Downside Convexity Etf,SPD,BATS,XNYS,US,USD
Bondbloxx Usd High Yield Bond Consumer Cyclicals Sector Etf,XHYC,BATS,XNYS,US,USD
First Trust S-Network Streaming And Gaming Etf,BNGE,BATS,XNYS,US,USD
Rayliant Quantitative Developed Market Equity Etf,RAYD,BATS,XNYS,US,USD
Wisdomtree Trust International Multifactor Fund,DWMF,BATS,XNYS,US,USD
First Trust Exchange Traded Fd First Trust Us Equity Opportunities Etf,FPX,BATS,XNYS,US,USD
Dimensional US Small Cap Etf,DFAS,BATS,XNYS,US,USD
Direxion Hydrogen Etf,HJEN,BATS,XNYS,US,USD
Invesco Exchange Traded Fd Tr Ii Treas Collateral Etf,CLTL,BATS,XNYS,US,USD
Direxion Daily Energy Bull 2X Shares,ERX,BATS,XNYS,US,USD
Amberwave Invest Usa Jsg Fund,IUSA,BATS,XNYS,US,USD
Wisdomtree Trust Emerging Mkts Smallcap Divid Fd,DGS,BATS,XNYS,US,USD
Jp Morgan Etf Trust Us Dividend Etf,JDIV,BATS,XNYS,US,USD
John Hancock Preferred Income Etf,JHPI,BATS,XNYS,US,USD
Proshares Trust Ultrashort Short Dow 30 New Apr 2021RS,SDOW,BATS,XNYS,US,USD
Direxion Shares Etf Trust Daily Technlgy Bear 3X Shs Oct 2021PS,TECS,BATS,XNYS,US,USD
Vanguard World Fds Vanguard Energy Etf,VDE,BATS,XNYS,US,USD
Axs Astoria Inflation Sensitive Etf,PPI,BATS,XNYS,US,USD
Proshares Trust Ultra Consumer Services,UCC,BATS,XNYS,US,USD
Vaneck Merk Gold Trust Gold Trust,OUNZ,BATS,XNYS,US,USD
First Tr Exchange-Traded Fd Iii First Tr LongShort Equity,FTLS,BATS,XNYS,US,USD
Wisdomtree Trust India Ex-State Owned Enterprises Fund,IXSE,BATS,XNYS,US,USD
Schwab Strategic Tr Us Tips Etf,SCHP,BATS,XNYS,US,USD
Ishares Bbb Rated Corporate Bond Etf,LQDB,BATS,XNYS,US,USD
First Trust Exch Traded Fund 2 Consumer Staple Alphadex Fd,FXG,BATS,XNYS,US,USD
Ishares Trust Core Divid Gwth,DGRO,BATS,XNYS,US,USD
Vanguard Intl Equity Index Funds Ftse Emerging Markets Etf,VWO,BATS,XNYS,US,USD
Microsectors Oil Gas Exp Prod 3X Leveraged Etn,OILU,BATS,XNYS,US,USD
Franklin Templeton Etf Tr Ftse Taiwan Etf,FLTW,BATS,XNYS,US,USD
First Trust New York Municipal High Income Etf,FMNY,BATS,XNYS,US,USD
Fidelity Covington Trust High Dividend Etf,FDVV,BATS,XNYS,US,USD
Flexshares Esg Climate Investment Grade Corporate Core Index Fund,FEIG,BATS,XNYS,US,USD
Proshares Trust Pshs Ult SP 500,SSO,BATS,XNYS,US,USD
Proshares Trust Proshares Ultrapro Shrt 20Yr TreasPS,TTT,BATS,XNYS,US,USD
Etfmg Real Estate Tech Etf,HHH,BATS,XNYS,US,USD
Pacer Csop Ftse China A50 Etf,AFTY,BATS,XNYS,US,USD
Wisdomtree US Ai Enhanced Value Fund,AIVL,BATS,XNYS,US,USD
Inspire 100 Esg Etf,BIBL,BATS,XNYS,US,USD
Proshares Trust Pshs Ultra Dow30,DDM,BATS,XNYS,US,USD
Vaneck Steel Etf,SLX,BATS,XNYS,US,USD
Flexshares Trust Emerging Mkts Quality Low Volatility Idx,QLVE,BATS,XNYS,US,USD
Trueshares Esg Active Opportunities Etf,ECOZ,BATS,XNYS,US,USD
Direxion Daily Real Estate Bull 3X Shares,DRN,BATS,XNYS,US,USD
Proshares Trust Ii Ulta Blomberg Crud OilPost Rev Splt,UCO,BATS,XNYS,US,USD
Direxion Shares Etf Trust Direxion Daily Reg Banks Bull 3X ShPS,DPST,BATS,XNYS,US,USD
Viridi Bitcoin Miners Etf,RIGZ,BATS,XNYS,US,USD
Ishares Trust Msci Peru Etf,EPU,BATS,XNYS,US,USD
Vaneck Egypt Index Etf,EGPT,BATS,XNYS,US,USD
Pgim Quant Solutions Strategic Alpha International Equity Etf,PQIN,BATS,XNYS,US,USD
Fidelity Merrimack Street Trust Total Bd Etf,FBND,BATS,XNYS,US,USD
Spdr Bloomberg Short Term High Yield Bond Etf,SJNK,BATS,XNYS,US,USD
Nuveen Dividend Growth Etf,NDVG,BATS,XNYS,US,USD
John Hancock Exchange Traded Fd Tr Multifactor Large Cap Etf,JHML,BATS,XNYS,US,USD
Spdr Series Trust Spdr SP Pharmaceuticals Etf,XPH,BATS,XNYS,US,USD
Ark Etf Tr Fintech Innovation Etf,ARKF,BATS,XNYS,US,USD
Harbor Disruptive Innovation Etf,INNO,BATS,XNYS,US,USD
Spdr Index Shares Funds SP Emerging Mkts Sm Cap Etf,EWX,BATS,XNYS,US,USD
Invesco Exchange Traded Fd Tr Wilderhill Clean Energy Etf,PBW,BATS,XNYS,US,USD
Ishares Ibonds Dec 2031 Term Corporate Etf,IBDW,BATS,XNYS,US,USD
Xtrackers Municipal Infrastructure Revenue Bond Etf,RVNU,BATS,XNYS,US,USD
Ishares Trust Conservative Allocation Etf,AOK,BATS,XNYS,US,USD
Imgp Rba Responsible Global Allocation Etf,IRBA,BATS,XNYS,US,USD
Advisorshares Trust Doubleline Value Equity Etf,DBLV,BATS,XNYS,US,USD
Innovator Etfs Trust Loup Frontier Tech Etf,LOUP,BATS,XNYS,US,USD
Ishares Trust Russell Top 200 Etf,IWL,BATS,XNYS,US,USD
Kraneshares Cicc China 5G And Semiconductor Index Etf,KFVG,BATS,XNYS,US,USD
John Hancock Exchange Traded Fd Tr Multifactor Developed Intl Etf,JHMD,BATS,XNYS,US,USD
Spdr Series Trust Portfolio Mortgage Backed Bond Etf,SPMB,BATS,XNYS,US,USD
Invesco Exchange Traded Fd Tr Ii Ftse Rafi Dev Mkts Ex-Us Sm Etf,PDN,BATS,XNYS,US,USD
Pimco Etf Trust Broad Us Tips Index Fd Etf,TIPZ,BATS,XNYS,US,USD
Spdr Bloomberg Sasb Developed Markets Ex Us Esg Select Etf,RDMX,BATS,XNYS,US,USD
Jpmorgan Income Etf,JPIE,BATS,XNYS,US,USD
Blackrock Etf Trust Us Equity Factor Rotation Etf,DYNF,BATS,XNYS,US,USD
Alps Etf Trust Medical Breakthroughs Etf,SBIO,BATS,XNYS,US,USD
Direxion Fallen Knives Etf,NIFE,BATS,XNYS,US,USD
Bny Mellon Emerging Markets Equity Etf,BKEM,BATS,XNYS,US,USD
Pimco Etf Trust 25 Yr Zero Cpn Us Treas Index Fd Etf,ZROZ,BATS,XNYS,US,USD
Proshares Trust Pshs Ulsht 7-10Y,PST,BATS,XNYS,US,USD
Xtrackers Usd High Yield Corporate Bond Etf,HYLB,BATS,XNYS,US,USD
Wisdomtree Emerging Markets Efficient Core Fund,NTSE,BATS,XNYS,US,USD
Vaneck Gold Miners Etf,GDX,BATS,XNYS,US,USD
Trajan Wealth Income Opportunities Etf,TWIO,BATS,XNYS,US,USD
Fidelity US Multifactor Etf,FLRG,BATS,XNYS,US,USD
Advisorshares Trust Newfleet Multi-Sector Income Etf,MINC,BATS,XNYS,US,USD
Goldman Sachs Etf Trust Access High Yield Corporate Bd Etf,GHYB,BATS,XNYS,US,USD
Cabana Target Leading Sector Conservative Etf,CLSC,BATS,XNYS,US,USD
Fidelity Sustainable Core Plus Bond Etf,FSBD,BATS,XNYS,US,USD
Invesco Db Multi-Sector Comm Tr Gold Fd Etf,DGL,BATS,XNYS,US,USD
Goldman Sachs Marketbeta US 1000 Equity Etf,GUSA,BATS,XNYS,US,USD
Fidelity Sustainable US Equity Etf,FSST,BATS,XNYS,US,USD
Simplify Developed Ex-Us Plus Downside Convexity Etf,EAFD,BATS,XNYS,US,USD
Doubleline Shiller Cape US Equities Etf,CAPE,BATS,XNYS,US,USD
John Hancock Exchange Traded Fd Tr Multifactor Finls Etf,JHMF,BATS,XNYS,US,USD
Etracs Monthly Pay 15X Leveraged Closed-End Fund Index Etn,CEFD,BATS,XNYS,US,USD
Invesco Exchange Traded Fd Tr Ii SP 500 Ex Rate Sensitive Etf,XRLV,BATS,XNYS,US,USD
Etracs Monthly Pay 2X Leveraged Us High Dividend Low Volatility Etn Series B,HDLB,BATS,XNYS,US,USD
Proshares Trust Pshs Consmrgoods,UGE,BATS,XNYS,US,USD
Listed Fund Trust Overlay Shs Large Cap Equity Etf,OVL,BATS,XNYS,US,USD
Etf Series Solutions Clearshares Ultra Short Maturity Etf,OPER,BATS,XNYS,US,USD
Kelly Residential Apartment Real Estate Etf,RESI,BATS,XNYS,US,USD
Barclays Bank Plc Pacer Ipath Gold Etns Med Term Nt 06102049,GBUG,BATS,XNYS,US,USD
Discipline Fund Etf,DSCF,BATS,XNYS,US,USD
Rayliant Quantamental Emerging Market Equity Etf,RAYE,BATS,XNYS,US,USD
Avantis Core Fixed Income Etf,AVIG,BATS,XNYS,US,USD
Blackrock US Carbon Transition Readiness Etf,LCTU,BATS,XNYS,US,USD
Ishares Trust Global 100 Etf,IOO,BATS,XNYS,US,USD
Vanguard Index Funds Vanguard Mid-Cap Etf,VO,BATS,XNYS,US,USD
Xtrackers Risk Managed Usd High Yield Strategy Etf,HYRM,BATS,XNYS,US,USD
Flexshares Trust Morningstar Emerg Mkts Factor Tilt Idx,TLTE,BATS,XNYS,US,USD
Direxion Shares Etf Trust Direxion Daily So Korea Bull 3X Shs,KORU,BATS,XNYS,US,USD
Avantis Responsible Emerging Markets Equity Etf,AVSE,BATS,XNYS,US,USD
Global X Fds Msci Argentina Etf,ARGT,BATS,XNYS,US,USD
Etf Managers Trust Prime Cyber Security Etf Usd,HACK,BATS,XNYS,US,USD
Alger Mid Cap 40 Etf,FRTY,BATS,XNYS,US,USD
Spdr Index Shares Funds SP Global Nat Res Etf,GNR,BATS,XNYS,US,USD
Invesco Exchange Traded Fd Tr SP 500 Eql Wgt Energy Etf,RYE,BATS,XNYS,US,USD
Aam Bahl Gaynor SmallMid Cap Income Growth Etf,SMIG,BATS,XNYS,US,USD
Direxion Shares Etf Trust Direxion Daily Finl Br 3X Sh New 21RS,FAZ,BATS,XNYS,US,USD
Proshares Short Bitcoin Strategy Etf,BITI,BATS,XNYS,US,USD
Proshares Trust Online Retail Etf,ONLN,BATS,XNYS,US,USD
Abrdn Physical Palladium Shares Etf,PALL,BATS,XNYS,US,USD
Pacer Pacific Asset Floating Rate High Income Etf,FLRT,BATS,XNYS,US,USD
Morgan Creek - Exos Active Spac Arbitrage Etf,CSH,BATS,XNYS,US,USD
Pimco Etf Trust Investment Grade Corp Bond Etf,CORP,BATS,XNYS,US,USD
Ishares Trust Currency Hedged Msci Eurozone Etf,HEZU,BATS,XNYS,US,USD
Global X Fds Adaptive Us Factor Etf,AUSF,BATS,XNYS,US,USD
Spdr Series Trust Portfolio Corporate Bond Etf,SPBO,BATS,XNYS,US,USD
Adaptive High Income Etf,AHHX,BATS,XNYS,US,USD
Fidelity Womens Leadership Etf,FDWM,BATS,XNYS,US,USD
Simplify Emerging Markets Equity Plus Downside Convexity Etf,EMGD,BATS,XNYS,US,USD
Vanguard Admiral Fds Inc SP Smallcap 600 Index Fd Etf Shs,VIOO,BATS,XNYS,US,USD
Virtus Duff Phelps Clean Energy Etf,VCLN,BATS,XNYS,US,USD
Direxion Daily Cloud Computing Bull 2X Shares,CLDL,BATS,XNYS,US,USD
Etf Series Solutions Defiance Next Gen Connectivity Etf,FIVG,BATS,XNYS,US,USD
Direxion Daily Cloud Computing Bear 2X Shares,CLDS,BATS,XNYS,US,USD
Exchange Traded Concepts Trust Robo Global Robotics Auto Indx Etf,ROBO,BATS,XNYS,US,USD
Direxion Shares Etf Trust Direxion Daily Mid Cap Bull 3X Shs,MIDU,BATS,XNYS,US,USD
Etracs Bloomberg Commodity Index Total Return Etn Series B,DJCB,BATS,XNYS,US,USD
Franklin Templeton Etf Tr Libertyq Global Divid Etf,FLQD,BATS,XNYS,US,USD
Leuthold Core Etf,LCR,BATS,XNYS,US,USD
United Sts Brent Oil Fd Lp Unit,BNO,BATS,XNYS,US,USD
Spdr Blackstone Senior Loan Etf,SRLN,BATS,XNYS,US,USD
Select Sector Spdr Trust Energy,XLE,BATS,XNYS,US,USD
Advisorshares Let Bob Ai Powered Momentum Etf,LETB,BATS,XNYS,US,USD
Proshares Trust Short Real Estate Fd EtfPost Rev Split,REK,BATS,XNYS,US,USD
Xtrackers Msci Usa Esg Leaders Equity Etf,USSG,BATS,XNYS,US,USD
Ishares Trust Russell Top 200 Value Etf,IWX,BATS,XNYS,US,USD
Spdr Index Shares Funds Msci World Strategicfactors Etf,QWLD,BATS,XNYS,US,USD
Simplify Hedged Equity Etf,HEQT,BATS,XNYS,US,USD
Ishares Trust Core Msci International Developed Mkts,IDEV,BATS,XNYS,US,USD
Ishares Inc Msci Thailand Etf,THD,BATS,XNYS,US,USD
Harbor All-Weather Inflation Focus Etf,HGER,BATS,XNYS,US,USD
Dimensional World Ex US Core Equity 2 Etf,DFAX,BATS,XNYS,US,USD
Xtrackers International Real Estate Etf,HAUZ,BATS,XNYS,US,USD
Leatherback Long Short Alternative Yield Etf,LBAY,BATS,XNYS,US,USD
John Hancock Exchange Traded Fd Tr Multifactor Matls Etf,JHMA,BATS,XNYS,US,USD
First Trust Exch Traded Fund 2 Health Care Alphadex Fd,FXH,BATS,XNYS,US,USD
Global X SP 500 Tail Risk Etf,XTR,BATS,XNYS,US,USD
Vaneck Environmental Services Etf,EVX,BATS,XNYS,US,USD
Ishares Trust Agency Bd Etf,AGZ,BATS,XNYS,US,USD
Proshares On-Demand Etf,OND,BATS,XNYS,US,USD
Advisorshares Trust Star Global Buy-Write Etf,VEGA,BATS,XNYS,US,USD
Gotham Enhanced 500 Etf,GSPY,BATS,XNYS,US,USD
Sound Enhanced Fixed Income Etf,SDEF,BATS,XNYS,US,USD
Ishares Trust Russell 1000 Value Etf,IWD,BATS,XNYS,US,USD
Vaneck Chinext Etf,CNXT,BATS,XNYS,US,USD
Vaneck Digital India Etf,DGIN,BATS,XNYS,US,USD
Invesco Exchange Traded Fd Tr Ii China Technology Etf Usd,CQQQ,BATS,XNYS,US,USD
Ishares Trust New York Muni Bond Etf,NYF,BATS,XNYS,US,USD
Spdr Index Shares Funds Euro Stoxx 50 Etf,FEZ,BATS,XNYS,US,USD
Invesco Exchange Traded Fd Tr SP 100 Equal Weight Etf,EQWL,BATS,XNYS,US,USD
Invesco Exchange Traded Fd Tr SP 500 Garp Etf,SPGP,BATS,XNYS,US,USD
Goldman Sachs Etf Trust Activebeta Europe Equity Etf,GSEU,BATS,XNYS,US,USD
Horizon Kinetics Inflation Beneficiaries Etf,INFL,BATS,XNYS,US,USD
Inspire Global Hope Esg Etf,BLES,BATS,XNYS,US,USD
Global X Fds Global X Superincome Pfd Etf,SPFF,BATS,XNYS,US,USD
Ishares Inc Msci Pacific Ex Japan Etf,EPP,BATS,XNYS,US,USD
Wisdomtree Trust Intl Hedged Qlty Div Gwth,IHDG,BATS,XNYS,US,USD
Wisdomtree Trust International Equity Fund,DWM,BATS,XNYS,US,USD
Proshares SP Kensho Cleantech Etf,CTEX,BATS,XNYS,US,USD
Ishares Inc Msci Sweden Etf,EWD,BATS,XNYS,US,USD
Direxion Daily Msci India Bull 2X Shares,INDL,BATS,XNYS,US,USD
Alps Etf Trust Alps Reit Dividend Dogs Etf,RDOG,BATS,XNYS,US,USD
Ishares Inflation Hedged US Aggregate Bond Etf,AGIH,BATS,XNYS,US,USD
Invesco Exchange Traded Fd Tr Ii SP 500 Enhanced Value Etf,SPVU,BATS,XNYS,US,USD
United Sts 12 Mnth Naturl Gas Fd Lp Unit Ben Int,UNL,BATS,XNYS,US,USD
Schwab Strategic Tr Intermediate-Term Us Treasury Etf,SCHR,BATS,XNYS,US,USD
Ark Etf Tr Innovation Etf,ARKK,BATS,XNYS,US,USD
Advocate Rising Rate Hedge Etf,RRH,BATS,XNYS,US,USD
Proshares Trust Ultrapro Midcap400,UMDD,BATS,XNYS,US,USD
Timothy Plan Us LargeMid Cap Core Enhanced Etf,TPLE,BATS,XNYS,US,USD
Fidelity Investment Grade Bond Etf,FIGB,BATS,XNYS,US,USD
Invesco Exchange Traded Fd Tr Ii Sr Ln Etf,BKLN,BATS,XNYS,US,USD
Natixis Vaughan Nelson Mid Cap Etf,VNMC,BATS,XNYS,US,USD
John Hancock Exchange Traded Fd Tr Multifactor Media And Communications Etf,JHCS,BATS,XNYS,US,USD
Microsectors Fang Innovation 3X Leveraged Etn,BULZ,BATS,XNYS,US,USD
Alps Disruptive Technologies Etf,DTEC,BATS,XNYS,US,USD
Invesco Exchange Traded Self Idx Ft Defensive Equity Etf,DEF,BATS,XNYS,US,USD
Invesco Exchange Traded Fd Tr Ii Var Rate Pfd Etf,VRP,BATS,XNYS,US,USD
Ishares Inc Msci Brazil Etf,EWZ,BATS,XNYS,US,USD
Proshares Trust Ultrashort Healthcare New April 2021RS,RXD,BATS,XNYS,US,USD
Invesco Exchange Traded Fd Tr Ii Global Clean Energy Etf,PBD,BATS,XNYS,US,USD
Ishares Inc Msci Austria Etf,EWO,BATS,XNYS,US,USD
Alps Clean Energy Etf,ACES,BATS,XNYS,US,USD
Direxion Daily 5G Communications Bull 2X Shares,TENG,BATS,XNYS,US,USD
Spdr Series Trust Spdr SP Metals Mining Etf,XME,BATS,XNYS,US,USD
American Century Etf Trust Avantis International Equity Etf,AVDE,BATS,XNYS,US,USD
Spdr Series Trust SP Oil Gas Expl Prodtn Etf PS,XOP,BATS,XNYS,US,USD
Fidelity Covington Trust Value Factor Etf,FVAL,BATS,XNYS,US,USD
Kraneshares Asia Pacific High Income Bond Etf,KHYB,BATS,XNYS,US,USD
John Hancock Exchange Traded Fd Tr Multifactor Emerging Markets Etf,JHEM,BATS,XNYS,US,USD
Bitwise Crypto Industry Innovators Etf,BITQ,BATS,XNYS,US,USD
Proshares Bitcoin Strategy Etf,BITO,BATS,XNYS,US,USD
Invesco Exchange Traded Fd Tr SP Smallcap Value With Momentum Etf,XSVM,BATS,XNYS,US,USD
Bondbloxx Usd High Yield Bond Telecom Media Technology Sector Etf,XHYT,BATS,XNYS,US,USD
Vanguard World Fund Extended Duration Treas Etf,EDV,BATS,XNYS,US,USD
Dimensional US Equity Etf,DFUS,BATS,XNYS,US,USD
Avantis Emerging Markets Value Etf,AVES,BATS,XNYS,US,USD
Invesco Exchange Traded Fd Tr Dynamic Food Beverage Etf,PBJ,BATS,XNYS,US,USD
Vanguard Bond Index Funds Short-Term Bond,BSV,BATS,XNYS,US,USD
First Trust Multi-Manager Small Cap Opportunities Etf,MMSC,BATS,XNYS,US,USD
Changebridge Capital Long Short Etf,CBLS,BATS,XNYS,US,USD
Nushares Etf Trust Nuveen Esg Us Aggregate Bond Etf,NUBD,BATS,XNYS,US,USD
Spdr Series Trust Spdr SP Dividend Etf,SDY,BATS,XNYS,US,USD
Harbor Dividend Growth Leaders Etf,GDIV,BATS,XNYS,US,USD
Etf Series Solutions Acquirers Fund,ZIG,BATS,XNYS,US,USD
Direxion Shares Etf Trust Daily Industrials Bull 3X Shares,DUSL,BATS,XNYS,US,USD
Jacob Forward Etf,JFWD,BATS,XNYS,US,USD
Spdr Index Shares Funds Spdr SP Global Infrastructure Etf,GII,BATS,XNYS,US,USD
Jpmorgan Carbon Transition US Equity Etf,JCTR,BATS,XNYS,US,USD
Bny Mellon Core Bond Etf,BKAG,BATS,XNYS,US,USD
Etfmg Treatments Testing And Advancements Etf,GERM,BATS,XNYS,US,USD
Vanguard Specialized Funds Vanguard Dividend Appreciation Etf,VIG,BATS,XNYS,US,USD
Invesco Exchange Traded Fd Tr Ii Intl Corp Bd Etf,PICB,BATS,XNYS,US,USD
Fidelity Covington Trust International Value Factor Etf,FIVA,BATS,XNYS,US,USD
Invesco Db Us Dlr Index Tr Bearish Fd Etf,UDN,BATS,XNYS,US,USD
Ishares Trust Aggressive Allocation Etf,AOA,BATS,XNYS,US,USD
Vaneck Natural Resources Etf,HAP,BATS,XNYS,US,USD
Jpmorgan Realty Income Etf,JPRE,BATS,XNYS,US,USD
Principal Spectrum Tax-Advantaged Dividend Active Etf,PQDI,BATS,XNYS,US,USD
Capital Group Growth Etf,CGGR,BATS,XNYS,US,USD
Direxion Daily Tips Bear 2X Shares,TIPD,BATS,XNYS,US,USD
Franklin Templeton Etf Tr Franklin Ftse India Etf,FLIN,BATS,XNYS,US,USD
Ishares Morningstar Value Etf,ILCV,BATS,XNYS,US,USD
Dimensional National Municipal Bond Etf,DFNM,BATS,XNYS,US,USD
Proshares Trust Ii Ultrashort Bloomberg Crude OilRev Split,SCO,BATS,XNYS,US,USD
Ishares Esg Aware US Aggregate Bond Etf,EAGG,BATS,XNYS,US,USD
Ishares Msci Frontier And Select Em Etf,FM,BATS,XNYS,US,USD
Psyk Etf,PSYK,BATS,XNYS,US,USD
Ishares Blockchain And Tech Etf,IBLC,BATS,XNYS,US,USD
Direxion Shares Etf Trust Nasdaq-100 Equal Weighted Index Shares,QQQE,BATS,XNYS,US,USD
John Hancock Exchange Traded Fd Tr Multifactor Utils Etf,JHMU,BATS,XNYS,US,USD
Ishares Msci Global Multifactor Etf,ACWF,BATS,XNYS,US,USD
First Trust Tcw Esg Premier Equity Etf,EPRE,BATS,XNYS,US,USD
Harbor Scientific Alpha High-Yield Etf,SIHY,BATS,XNYS,US,USD
Ubc Algorithmic Fundamentals Etf,UBCB,BATS,XNYS,US,USD
Kraneshares China Innovation Etf,KGRO,BATS,XNYS,US,USD
John Hancock Exchange Traded Fd Tr Multifactor Consumer Discretionary Etf,JHMC,BATS,XNYS,US,USD
Simplify Us Small Cap Plus Downside Convexity Etf,RTYD,BATS,XNYS,US,USD
Vectorshares Min Vol Etf,VSPY,BATS,XNYS,US,USD
Proshares Trust Proshares Short Financials,SEF,BATS,XNYS,US,USD
Iq US Large Cap RD Leaders Etf,LRND,BATS,XNYS,US,USD
Ishares Ibonds Dec 2032 Term Corporate Etf,IBDX,BATS,XNYS,US,USD
Etf Managers Trust Bluestar Israel Technology Etf,ITEQ,BATS,XNYS,US,USD
Ishares Trust Russell 2000 Etf,IWM,BATS,XNYS,US,USD
Invesco Db Multi-Sector Comm Tr Silver Fd Etf,DBS,BATS,XNYS,US,USD
Goldman Sachs Future Planet Equity Etf,GSFP,BATS,XNYS,US,USD
Fmqq The Next Frontier Internet Ecommerce Etf,FMQQ,BATS,XNYS,US,USD
Invesco Exchange Traded Fd Tr SP 500 Value With Momentum Etf,SPVM,BATS,XNYS,US,USD
Ishares Trust Ibonds Mar 2023 Term Corporate Etf,IBDD,BATS,XNYS,US,USD
Bny Mellon Ultra Short Income Etf,BKUI,BATS,XNYS,US,USD
John Hancock Exchange Traded Fd Tr Multifactor Consumer Staples Etf,JHMS,BATS,XNYS,US,USD
Invesco Exchange Traded Fd Tr SP 500 Pure Gwth Etf,RPG,BATS,XNYS,US,USD
Allianzim US Large Cap Buffer10 Oct Etf,AZAO,BATS,XNYS,US,USD
Natixis Vaughan Nelson Select Etf,VNSE,BATS,XNYS,US,USD
Etracs Alerian Midstream Energy High Dividend Index Etn,AMND,BATS,XNYS,US,USD
Ishares Trust SP 500 Growth Etf,IVW,BATS,XNYS,US,USD
Franklin Templeton Etf Tr Ftse South Africa Etf,FLZA,BATS,XNYS,US,USD
Invesco Exchange Traded Fd Tr SP Spin Off Etf,CSD,BATS,XNYS,US,USD
Microsectors Gold Miners 3X Leveraged Etn,GDXU,BATS,XNYS,US,USD
Capital Group Dividend Value Etf,CGDV,BATS,XNYS,US,USD
Global X Fds Mlp Energy Infrastructure EtfPst Rev,MLPX,BATS,XNYS,US,USD
Vaneck J P Morgan Em Local Currency Bond Etf,EMLC,BATS,XNYS,US,USD
Spdr Series Trust Portfolio Aggregate Bond Etf,SPAB,BATS,XNYS,US,USD
Proshares Trust Decline Retail Store Etf,EMTY,BATS,XNYS,US,USD
Impact Shares Trust I Ywca Womens Empowerment Etf,WOMN,BATS,XNYS,US,USD
Ishares Inc Msci Hong Kong Etf,EWH,BATS,XNYS,US,USD
Proshares Msci Transformational Changes Etf,ANEW,BATS,XNYS,US,USD
Invesco Ccy Shs Japanese Yen Tr Japanese Yen Shs Etf,FXY,BATS,XNYS,US,USD
Schwab Strategic Tr Us Reit Etf,SCHH,BATS,XNYS,US,USD
Vanguard World Fds Vanguard Information Technology Etf,VGT,BATS,XNYS,US,USD
Spdr Index Shares Funds Portfolio Msci Global Stock Market Etf,SPGM,BATS,XNYS,US,USD
Schwab Strategic Tr Intl Equity Etf,SCHF,BATS,XNYS,US,USD
Proshares Trust Pshs Ult Hlthcre,RXL,BATS,XNYS,US,USD
Wisdomtree Trust Us Midcap Fund,EZM,BATS,XNYS,US,USD
Avantis Core Municipal Fixed Income Etf,AVMU,BATS,XNYS,US,USD
Ishares Trust Msci Emg Mkts Etf Usd Dis,EEM,BATS,XNYS,US,USD
Spdr Series Trust SP Bank Etf,KBE,BATS,XNYS,US,USD
Graniteshares Etf Trust Hips Us High Income Etf,HIPS,BATS,XNYS,US,USD
Humankind Us Stock Etf,HKND,BATS,XNYS,US,USD
Ishares Trust Intl Developed Prop Etf,WPS,BATS,XNYS,US,USD
Ishares Esg Advanced Investment Grade Corporate Bond Etf,ELQD,BATS,XNYS,US,USD
Kraneshares Tr Csi China Internet Etf,KWEB,BATS,XNYS,US,USD
Vanguard Index Funds Vanguard Large-Cap Etf,VV,BATS,XNYS,US,USD
Victory Portfolios Ii Shares Usaa Msci Usa Small Cap Value Mom,USVM,BATS,XNYS,US,USD
Goldman Sachs Access Investment Grade Corporate 1-5 Year Bond Etf,GSIG,BATS,XNYS,US,USD
Alps Etf Trust Emerging Sector Divid Dogs Etf,EDOG,BATS,XNYS,US,USD
Aam Transformers Etf,TRFM,BATS,XNYS,US,
Gotham 1000 Value Etf,GVLU,BATS,XNYS,US,USD
Proshares Trust Ii Ultrashort Gold New,GLL,BATS,XNYS,US,USD
Schwab Strategic Tr International Dividend Equity Etf,SCHY,BATS,XNYS,US,USD
Advisorshares Q Dynamic Growth Etf,QPX,BATS,XNYS,US,USD
Relative Sentiment Tactical Allocation Etf,MOOD,BATS,XNYS,US,USD
Ishares Trust Core SP Mid-Cap Etf,IJH,BATS,XNYS,US,USD
Wisdomtree Growth Leaders Fund,PLAT,BATS,XNYS,US,USD
Ishares Msci Intl Momentum Factor Etf,IMTM,BATS,XNYS,US,USD
Indexiq Etf Trust Iq 500 International Etf,IQIN,BATS,XNYS,US,USD
Ssga Active Tr Spdr Ssga Us Sector Rotation Etf,XLSR,BATS,XNYS,US,USD
Pacer Fds Tr Trendpilot Fund Of Funds Etf,TRND,BATS,XNYS,US,USD
Direxion Shares Etf Trust Daily Ftse Europe Bull 3X,EURL,BATS,XNYS,US,USD
Ishares SP Gsci Commodity Idx Units Of Beneficial Interest,GSG,BATS,XNYS,US,USD
Avantis US Large Cap Value Etf,AVLV,BATS,XNYS,US,USD
Proshares Trust Pshs Ult Basmatl,UYM,BATS,XNYS,US,USD
Blackrock Future Climate And Sustainable Economy Etf,BECO,BATS,XNYS,US,USD
Invesco Db Multi-Sector Comm Tr Precious Metals Fd Etf,DBP,BATS,XNYS,US,USD
Ishares US Consumer Discretionary Etf,IYC,BATS,XNYS,US,USD
Ishares Bb Rated Corporate Bond Etf,HYBB,BATS,XNYS,US,USD
Overlay Shares Short Term Bond Etf,OVT,BATS,XNYS,US,USD
Schwab Strategic Tr Short-Term Us Treasury Etf,SCHO,BATS,XNYS,US,USD
T Rowe Price Growth Stock Etf,TGRW,BATS,XNYS,US,USD
Iq Candriam Esg International Equity Etf,IQSI,BATS,XNYS,US,USD
R3 Global Dividend Growth Etf,GDVD,BATS,XNYS,US,USD
Ishares Trust Russell 3000 Etf,IWV,BATS,XNYS,US,USD
Invesco Exchange Traded Fd Tr SP 500 Eql Wgt Utils Etf,RYU,BATS,XNYS,US,USD
Vaneck Preferred Securities Ex Financials Etf,PFXF,BATS,XNYS,US,USD
Listed Fund Trust Overlay Shs Small Cap Equity Etf,OVS,BATS,XNYS,US,USD
First Trust Exch Traded Fund 2 IndustrialsProducer Durables Fd Us,FXR,BATS,XNYS,US,USD
Indexiq Etf Trust Iq Hedge Event Driven Tracker Etf,QED,BATS,XNYS,US,USD
Dimensional US Core Equity 2 Etf,DFAC,BATS,XNYS,US,USD
Franklin Templeton Etf Tr Liberty Us Low Volatility Etf,FLLV,BATS,XNYS,US,USD
Proshares Trust Short SP 500 New Post Rev Split,SH,BATS,XNYS,US,USD
Corbett Road Tactical Opportunity Etf,OPPX,BATS,XNYS,US,USD
Direxion Daily Travel Vacation Bull 2X Shares,OOTO,BATS,XNYS,US,USD
Fidelity Covington Trust High Yield Factor Etf,FDHY,BATS,XNYS,US,USD
Invesco Ccy Shs Australian Dlr Tr Australian Dollar Shs Etf,FXA,BATS,XNYS,US,USD
Global X Msci Norway Etf,NORW,BATS,XNYS,US,USD
Invesco Exchange Traded Fd Tr Ii SP Intl Dev Quality Etf,IDHQ,BATS,XNYS,US,USD
Ishares Trust Us Health Care Providers Etf,IHF,BATS,XNYS,US,USD
Proshares Trust Pshs Ultshrt Jap,EWV,BATS,XNYS,US,USD
Franklin Templeton Etf Tr Ftse Japan Hedged Etf,FLJH,BATS,XNYS,US,USD
Fidelity Merrimack Street Trust Corporate Bd Etf,FCOR,BATS,XNYS,US,USD
Etf Series Solutions Aam SP 500 High Divid Value Etf,SPDV,BATS,XNYS,US,USD
Schwab Strategic Tr Emerging Mkts Equity Etf,SCHE,BATS,XNYS,US,USD
Imgp Dbi Hedge Strategy Etf,DBEH,BATS,XNYS,US,USD
Spinnaker Etf Series Uva Unconstrained Medum Trm Fxd Incm Etf,FFIU,BATS,XNYS,US,USD
Goldman Sachs Future Health Care Equity Etf,GDOC,BATS,XNYS,US,USD
Goldman Sachs Future Real Estate And Infrastructure Equity Etf,GREI,BATS,XNYS,US,USD
Amplify Etf Tr Blockchain Leaders Etf,BLOK,BATS,XNYS,US,USD
Invesco Msci Green Building Etf,GBLD,BATS,XNYS,US,USD
Proshares Trust Ii Ultra Short Silver New 2021RS,ZSL,BATS,XNYS,US,USD
Simplify Us Equity Plus Convexity Etf,SPYC,BATS,XNYS,US,USD
Vaneck Green Metals Etf,GMET,BATS,XNYS,US,USD
Schwab Strategic Tr 5-10 Year Corporate Bond Etf,SCHI,BATS,XNYS,US,USD
Exchange Listed Funds Trust Raft Ai Enhanced Us Lrg Cap Momntum Etf,AMOM,BATS,XNYS,US,USD
Strategas Macro Thematic Opportunities Etf,SAMT,BATS,XNYS,US,USD
Proshares Trust Ultra Ftse Europe,UPV,BATS,XNYS,US,USD
Ishares Trust Us Brkr-Dealers Sec Exch,IAI,BATS,XNYS,US,USD
Xtrackers Msci Eafe High Dividend Yield Equity Etf,HDEF,BATS,XNYS,US,USD
Invesco Exchange Traded Fd Tr Dynamic Large Cap Value Etf,PWV,BATS,XNYS,US,USD
Direxion Shares Etf Trust Daily Finl Bull 3X Shs New,FAS,BATS,XNYS,US,USD
Ishares Trust Iboxx Usd High Yield Corporate Bond Etf,HYG,BATS,XNYS,US,USD
Proshares Trust Ultrashort Dow 30 Post Rev Split,DXD,BATS,XNYS,US,USD
Absolute Shs Tr Wbi Bullbear Trend Switch Us 3000 Total,WBIT,BATS,XNYS,US,USD
Xtrackers Msci Japan Hedged Equity Etf,DBJP,BATS,XNYS,US,USD
First Tr Exchange-Traded Fd Iii First Tr Pfd Secs Income Etf,FPE,BATS,XNYS,US,USD
Fidelity Covington Trust Msci Utils Index Etf,FUTY,BATS,XNYS,US,USD
Spdr Bloomberg Sasb Emerging Markets Esg Select Etf,REMG,BATS,XNYS,US,USD
Invesco Exchange Traded Fd Tr Ii SP Midcap 400 Revenue Etf,RWK,BATS,XNYS,US,USD
Amplify Online Retail Etf,IBUY,BATS,XNYS,US,USD
Vanguard Index Funds Vanguard Small-Cap Value Etf,VBR,BATS,XNYS,US,USD
First Trust Active Factor Mid Cap Etf,AFMC,BATS,XNYS,US,USD
Franklin Templeton Etf Tr Franklin Ftse Russia Etf,FLRU,BATS,XNYS,US,USD
Kraneshares European Carbon Allowance Strategy Etf,KEUA,BATS,XNYS,US,USD
Invesco Ccy Shs Brit Pound Stlg Tr Brit Pound Sterling Shs Etf,FXB,BATS,XNYS,US,USD
Syntax Stratified Total Market Ii Etf,SYII,BATS,XNYS,US,USD
Dimensional Core Fixed Income Etf,DFCF,BATS,XNYS,US,USD
Invesco Exchange Traded Fd Tr Ii Ftse Rafi Emerging Mkts Etf,PXH,BATS,XNYS,US,USD
First Trust Djs First Tr Dow Jones Select Microcap Index,FDM,BATS,XNYS,US,USD
Wisdomtree Enhanced Commodity Strategy Fund,GCC,BATS,XNYS,US,USD
Ishares Trust Us Oil EquipSvs,IEZ,BATS,XNYS,US,USD
Ishares Trust US Healthcare Etf,IYH,BATS,XNYS,US,USD
Renaissance Cap Greenwich Funds International Ipo Etf,IPOS,BATS,XNYS,US,USD
Bondbloxx Usd High Yield Bond Financial Reit Sector Etf,XHYF,BATS,XNYS,US,USD
First Trust Exchange Traded Fd Chindia Etf,FNI,BATS,XNYS,US,USD
Etf Series Solutions Aam SP Emerging Mkts High Div Val Etf,EEMD,BATS,XNYS,US,USD
Ishares Trust Msci Saudi Arabia Etf,KSA,BATS,XNYS,US,USD
Jp Morgan Etf Trust Us Minimum Volatility Etf,JMIN,BATS,XNYS,US,USD
Dimensional Emerging Markets Value Etf,DFEV,BATS,XNYS,US,USD
Etracs 2X Leveraged Msci Us Minimum Volatility Factor Tr Etn,USML,BATS,XNYS,US,USD
Schwab Strategic Tr Fundamental U S Small Co Index Etf,FNDA,BATS,XNYS,US,USD
John Hancock Mortgage-Backed Securities Etf,JHMB,BATS,XNYS,US,USD
Uscf Midstream Energy Income Fund,UMI,BATS,XNYS,US,USD
American Century Mid Cap Growth Impact Etf,MID,BATS,XNYS,US,USD
Spdr Series Trust SP Regional Bkg Etf,KRE,BATS,XNYS,US,USD
Ishares Msci Intl Size Factor Etf,ISZE,BATS,XNYS,US,USD
Indexiq Etf Trust Iq Hedge Multi-Strtg Etf,QAI,BATS,XNYS,US,USD
Proshares Trust Brookfield Global Infrastructure Etf,TOLZ,BATS,XNYS,US,USD
Ishares Trust US Insurance Etf,IAK,BATS,XNYS,US,USD
Amplify Inflation Fighter Etf,IWIN,BATS,XNYS,US,USD
Xtrackers Msci All World Ex Us High Dividend Yield Equity Etf,HDAW,BATS,XNYS,US,USD
Spdr Series Trust SP Insurance Etf,KIE,BATS,XNYS,US,USD
Ishares Trust Msci Acwi Low Carbon Target,CRBN,BATS,XNYS,US,USD
Etf Managers Trust Etfmg Sit Ultra Short Etf,VALT,BATS,XNYS,US,USD
Vaneck India Growth Leaders Etf,GLIN,BATS,XNYS,US,USD
Spdr SP Midcap 400 Etf Tr Unit Ser 1 Standard Poors Dep Rcpt,MDY,BATS,XNYS,US,USD
Ssga Active Etf Tr Income Allocation Etf,INKM,BATS,XNYS,US,USD
Teucrium Commodity Trust Wheat Fund,WEAT,BATS,XNYS,US,USD
Ishares Trust Global Healthcare Etf,IXJ,BATS,XNYS,US,USD
Vanguard Tax Managed Fund Ftse Developed Mkts Etf,VEA,BATS,XNYS,US,USD
Spdr Bloomberg 1-10 Year Tips Etf,TIPX,BATS,XNYS,US,USD
First Trust Tcw Emerging Markets Debt Etf,EFIX,BATS,XNYS,US,USD
Invesco Ccy Shs Cdn Dlr Tr Cdn Dlr Shs Etf,FXC,BATS,XNYS,US,USD
Advisorshares Trust Advisorshares Focused Equity Etf,CWS,BATS,XNYS,US,USD
Spdr Index Shares Funds Msci Emerging Mark Strategic Factors Etf,QEMM,BATS,XNYS,US,USD
Invesco Ccy Shs Euro Tr Euro Shs Etf,FXE,BATS,XNYS,US,USD
Wisdomtree Trust Us Smallcap Dividend Fund,DES,BATS,XNYS,US,USD
Invesco SP 500 Qvm Multi-Factor Etf,QVML,BATS,XNYS,US,USD
Xtrackers Emerging Markets Carbon Reduction And Climate Improvers Etf,EMCR,BATS,XNYS,US,USD
Smartetfs Dividend Builder Etf,DIVS,BATS,XNYS,US,USD
Rayliant Quantamental China Equity Etf,RAYC,BATS,XNYS,US,USD
Invesco SP Midcap 400 Qvm Multi-Factor Etf,QVMM,BATS,XNYS,US,USD
Microsectors Travel 3X Leveraged Etn,FLYU,BATS,XNYS,US,USD
American Century Etf Trust Avantis Emerging Mkts Equity Etf Usd,AVEM,BATS,XNYS,US,USD
Spdr Series Trust SP Health Care Svcs Etf,XHS,BATS,XNYS,US,USD
Advisorshares Poseidon Dynamic Cannabis Etf,PSDN,BATS,XNYS,US,USD
Quadratic Deflation Etf,BNDD,BATS,XNYS,US,USD
Ishares Trust Cmbs Etf,CMBS,BATS,XNYS,US,USD
Invesco Exchange Traded Fd Tr Raymond James Sb-1 Equity Etf,RYJ,BATS,XNYS,US,USD
Asian Growth Cubs Etf,CUBS,BATS,XNYS,US,USD
Oneascent Core Plus Bond Etf,OACP,BATS,XNYS,US,USD
Proshares Trust Ultrashort Midcap 400 New April 2021RS,MZZ,BATS,XNYS,US,USD
Ishares Inc Msci Israel Etf,EIS,BATS,XNYS,US,USD
Pimco Municipal Income Opportunities Active Exchange-Traded Fund,MINO,BATS,XNYS,US,USD
Wisdomtree Trust Intl Smallcap Dividend Fd Sbi Usd0001,DLS,BATS,XNYS,US,USD
Altshares Event-Driven Etf,EVNT,BATS,XNYS,US,USD
Bny Mellon International Equity Etf,BKIE,BATS,XNYS,US,USD
Blackrock Future Innovators Etf,BFTR,BATS,XNYS,US,USD
Alps Etf Trust Alerian Energy Infrastructure Etf,ENFR,BATS,XNYS,US,USD
Spdr Index Shares Funds Portfolio Emerging Markets Etf,SPEM,BATS,XNYS,US,USD
Ishares Morningstar Growth Etf,ILCG,BATS,XNYS,US,USD
Invesco Exchange Traded Fd Tr SP 500 Eql Wgt Healthcare Etf,RYH,BATS,XNYS,US,USD
Global X Interest Rate Volatility Inflation Hedge Etf,IRVH,BATS,XNYS,US,USD
Hartford Funds Exchange Traded Tr Municipal Opportunities Etf,HMOP,BATS,XNYS,US,USD
Vaneck LongFlat Trend Etf,LFEQ,BATS,XNYS,US,USD
Absolute Shs Tr Wbi Pwr Factor High Divid Etf,WBIY,BATS,XNYS,US,USD
Vaneck Social Sentiment Etf,BUZZ,BATS,XNYS,US,USD
Global X Dow 30 Covered Call Etf,DJIA,BATS,XNYS,US,USD
Bondbloxx Ccc-Rated Usd High Yield Corporate Bond Etf,XCCC,BATS,XNYS,US,USD
Ishares Inc Msci Mexico Etf,EWW,BATS,XNYS,US,USD
Entrepreneurshares Ser Trust Ershares Entrepreneurs Etf,ENTR,BATS,XNYS,US,USD
Grayscale Future Of Finance Etf,GFOF,BATS,XNYS,US,USD
Teucrium Commodity Trust Soybean Fund,SOYB,BATS,XNYS,US,USD
Flexshares Trust Disciplined Duration Mbs Index,MBSD,BATS,XNYS,US,USD
Schwab Strategic Tr 1000 Index Etf,SCHK,BATS,XNYS,US,USD
Principal Exchange-Traded Fds Principal Invt Grade Corp Active Etf,IG,BATS,XNYS,US,USD
Etfmg Breakwave Sea Decarbonization Tech Etf,BSEA,BATS,XNYS,US,USD
Sterling Capital Diverse Multi-Manager Active Etf,DEIF,BATS,XNYS,US,USD
Bny Mellon Sustainable Global Emerging Markets Etf,BKES,BATS,XNYS,US,USD
Flexshares Trust Quality Divid Index Fd,QDF,BATS,XNYS,US,USD
Invesco Exchange Trd Self Idx Fd Tr Investment Grade Defensive Etf,IIGD,BATS,XNYS,US,USD
Pgim Total Return Bond Etf,PTRB,BATS,XNYS,US,USD
American Conservative Values Etf,ACVF,BATS,XNYS,US,USD
Fidelity Small-Mid Multifactor Etf,FSMD,BATS,XNYS,US,USD
Smartetfs Asia Pacific Dividend Builder Etf,ADIV,BATS,XNYS,US,USD
Spdr Bloomberg 1-3 Month T-Bill Etf,BIL,BATS,XNYS,US,USD
Columbia Etf Tr I Research Enhanced Core Etf,RECS,BATS,XNYS,US,USD
Allianzim US Large Cap Buffer10 Jul Etf,AZAL,BATS,XNYS,US,USD
Alpha Dog Etf,RUFF,BATS,XNYS,US,USD
Vanguard World Fds Vanguard Materials Etf,VAW,BATS,XNYS,US,USD
Sound Equity Income Etf,SDEI,BATS,XNYS,US,USD
Wedbush Etfmg Video Game Tech Etf,GAMR,BATS,XNYS,US,USD
Applied Finance Valuation Large Cap Etf,VSLU,BATS,XNYS,US,USD
Pimco Enhanced Short Maturity Active Esg Etf,EMNT,BATS,XNYS,US,USD
Tidal Etf Trust Sp Fds P Global Reit Sharia Etf,SPRE,BATS,XNYS,US,USD
Vanguard Bond Index Funds Long-Term Bond,BLV,BATS,XNYS,US,USD
Franklin Liberty Systematic Style Premia Etf,FLSP,BATS,XNYS,US,USD
Imgp Dbi Managed Futures Strategy Etf,DBMF,BATS,XNYS,US,USD
Invesco Exchange Traded Fd Tr SP Midcap 400 Pure Value Etf,RFV,BATS,XNYS,US,USD
Clockwise Capital Innovation Etf,TIME,BATS,XNYS,US,USD
Spdr Bloomberg International Corporate Bond Etf,IBND,BATS,XNYS,US,USD
Ishares Trust Russell 2000 Growth Etf,IWO,BATS,XNYS,US,USD
Rh Tactical Outlook Etf,RHTX,BATS,XNYS,US,USD
Global X Fds Msci China Utilities Etf,CHIU,BATS,XNYS,US,USD
Invesco Exchange Traded Fd Tr SP Midcap Momentum Etf,XMMO,BATS,XNYS,US,USD
Vanguard Intl Equity Index Funds Ftse All-World Ex Usa Small Cap Etf,VSS,BATS,XNYS,US,USD
Janus Henderson US Real Estate Etf,JRE,BATS,XNYS,US,USD
Nushares Etf Trust Nuveen Enhanced Yld 1-5 Yr Us Aggrgt Bd,NUSA,BATS,XNYS,US,USD
Proshares Trust Ultrashort Indls New April 2021RS,SIJ,BATS,XNYS,US,USD
Ishares Trust Currency Hedged Jpx-Nikkei 400 Etf,HJPX,BATS,XNYS,US,USD
Fis Biblically Responsible Risk Managed Etf,PRAY,BATS,XNYS,US,USD
Ishares Inc AsiaPacific Dividend Etf,DVYA,BATS,XNYS,US,USD
First Trust Tcw Securitized Plus Etf,DEED,BATS,XNYS,US,USD
Wisdomtree Trust Emerging Currency Strategy Fund,CEW,BATS,XNYS,US,USD
Morgan Creek - Exos Spac Originated Etf,SPXZ,BATS,XNYS,US,USD
Fidelity Covington Trust Low Volatility Factor Etf,FDLO,BATS,XNYS,US,USD
Etc 6 Meridian Hedged Equity Index Option Etf,SIXH,BATS,XNYS,US,USD
Etfis Series Trust I Virtus Reaves Utilities Etf,UTES,BATS,XNYS,US,USD
Syntax Stratified Smallcap Etf,SSLY,BATS,XNYS,US,USD
Ishares Trust Ishares Currency Hedged Msci Japan Etf,HEWJ,BATS,XNYS,US,USD
Vaneck Junior Gold Miners Etf,GDXJ,BATS,XNYS,US,USD
Invesco Exchange Traded Fd Tr Global Listed Private Equity Etf,PSP,BATS,XNYS,US,USD
Ishares Trust Ibonds Dec 2029 Term Corporate Etf Usd,IBDU,BATS,XNYS,US,USD
Federated Hermes Short Duration Corporate Etf,FCSH,BATS,XNYS,US,USD
Direxion Daily Real Estate Bear 3X Shares,DRV,BATS,XNYS,US,USD
Spdr Series Trust Russell 1000 Yield Focus Etf,ONEY,BATS,XNYS,US,USD
Proshares Trust Ultra FtseXinhua China 50,XPP,BATS,XNYS,US,USD
Ishares Trust Global Energy Etf,IXC,BATS,XNYS,US,USD
Proshares Trust Ultra Real Estate New,URE,BATS,XNYS,US,USD
Pgim Etf Trust Active High Yield Bond Etf,PHYL,BATS,XNYS,US,USD
Janus Detroit Street Trust Henderson Short Duration Income Etf,VNLA,BATS,XNYS,US,USD
Dimensional Inflation-Protected Securities Etf,DFIP,BATS,XNYS,US,USD
Ishares Trust Latin America 40 Etf,ILF,BATS,XNYS,US,USD
Spdr Series Trust SP Health Care Equip Etf,XHE,BATS,XNYS,US,USD
Select Sector Spdr Trust Real Estate Select Sector Spdr Fd,XLRE,BATS,XNYS,US,USD
Ishares Trust Msci Utd Kingdom Etf New,EWU,BATS,XNYS,US,USD
Spdr Series Trust Spdr S TrSP Transn Etf,XTN,BATS,XNYS,US,USD
Sterling Capital Focus Equity Etf,LCG,BATS,XNYS,US,USD
Simplify Tail Risk Strategy Etf,CYA,BATS,XNYS,US,USD
Proshares Trust Ultrashort Utils Etf New Post Rev Splt,SDP,BATS,XNYS,US,USD
Spdr Series Trust SP Kensho New Economies Composite Etf,KOMP,BATS,XNYS,US,USD
Global X Fds Global X Msci Superdividend Emerging Mar,SDEM,BATS,XNYS,US,USD
Ishares Trust 0-5Yr High Yeild Corp Bd Etf,SHYG,BATS,XNYS,US,USD
Pacer Metaurus Us Large Cap Dividend Multiplier 400 Etf,QDPL,BATS,XNYS,US,USD
Timothy Plan Us Small Cap Core Etf,TPSC,BATS,XNYS,US,USD
Pacer Data And Digital Revolution Etf,TRFK,BATS,XNYS,US,USD
Rh Hedged Multi-Asset Income Etf,AMAX,BATS,XNYS,US,USD
Ssga Active Etf Tr Spdr Dobleline Total Return Tactical Etf,TOTL,BATS,XNYS,US,USD
Invesco Db Us Dlr Index Tr Bullish Fd Etf,UUP,BATS,XNYS,US,USD
Invesco Exchange Traded Fd Tr SP Midcap 400 Eql Wgt Etf,EWMC,BATS,XNYS,US,USD
Proshares Trust Ultra Financials New,UYG,BATS,XNYS,US,USD
Proshares Trust Ultrashort Financials EtfPost Rev Split,SKF,BATS,XNYS,US,USD
Proshares Trust Short SP Mid Cap 400 Etf Post Split,MYY,BATS,XNYS,US,USD
First Trust Expanded Technology Etf,XPND,BATS,XNYS,US,USD
First Tr Exchange-Traded Fd Iii Horizon Managed Volatility Domestic,HUSV,BATS,XNYS,US,USD
The Future Fund Active Etf,FFND,BATS,XNYS,US,USD
Pimco Senior Loan Active Exchange-Traded Fund,LONZ,BATS,XNYS,US,USD
Northern Lights Fund Trust Iv Inspire International Esg Etf,WWJD,BATS,XNYS,US,USD
Microsectors Fang Innovation -3X Inverse Leveraged Etn,BERZ,BATS,XNYS,US,USD
Franklin Templeton Etf Tr Ftse Brazil Etf,FLBR,BATS,XNYS,US,USD
Sofi Weekly Dividend Etf,WKLY,BATS,XNYS,US,USD
Impact Shares Affordable Housing Mbs Etf,OWNS,BATS,XNYS,US,USD
Columbia Etf Tr Ii Columbia India Consumer Etf,INCO,BATS,XNYS,US,USD
Pacer Lunt Large Cap Multi-Factor Alternator Etf,PALC,BATS,XNYS,US,USD
Spdr Index Shares Funds SP Intl Dividend Etf,DWX,BATS,XNYS,US,USD
Fount Subscription Economy Etf,SUBS,BATS,XNYS,US,USD
United Sts Commodity Index Fd Commodity Index Fd,USCI,BATS,XNYS,US,USD
Franklin Templeton Etf Tr Franklin Ftse Switzerland Etf,FLSW,BATS,XNYS,US,USD
Nationwide Nasdaq-100 Risk-Managed Income Etf,NUSI,BATS,XNYS,US,USD
Direxion Daily Global Clean Energy Bull 2X Shares,KLNE,BATS,XNYS,US,USD
Upar Ultra Risk Parity Etf,UPAR,BATS,XNYS,US,USD
Armor Us Equity Index Etf,ARMR,BATS,XNYS,US,USD
Ecofin Digital Payments Infrastructure Fund,TPAY,BATS,XNYS,US,USD
Columbia Etf Tr I Multi Sector Municipal Income Etf,MUST,BATS,XNYS,US,USD
Direxion Shares Etf Trust Daily Csi 300 China A Sh Bull 2X Shs,CHAU,BATS,XNYS,US,USD
Bny Mellon Concentrated International Etf,BKCI,BATS,XNYS,US,USD
Distillate US Fundamental Stability Value Etf,DSTL,BATS,XNYS,US,USD
Global X Us Preferred Etf,PFFD,BATS,XNYS,US,USD
Spdr Gold Trust Gold Shares Npv,GLD,BATS,XNYS,US,USD
Vaneck China Bond Etf,CBON,BATS,XNYS,US,USD
Etracs Quarterly Pay 15X Leveraged Mvis Bdc Index Etn Due June 10 2050,BDCX,BATS,XNYS,US,USD
First Trust Exchange Traded Fund Dow Jones Internet Index Usd Dis,FDN,BATS,XNYS,US,USD
Ishares Trust Robotics And Artfcial Intelgnc Multsctr,IRBO,BATS,XNYS,US,USD
Proshares Trust Ii Proshs Ulrashrt Yen,YCS,BATS,XNYS,US,USD
Ssga Active Etf Tr Ultra Short Term Bd Etf,ULST,BATS,XNYS,US,USD
Wisdomtree Trust Global High Divid Fd,DEW,BATS,XNYS,US,USD
Proshares Trust Ii Ultra Bloomberg Nat Gas NewPst Rev Spt,BOIL,BATS,XNYS,US,USD
Ishares Inc Msci World Etf,URTH,BATS,XNYS,US,USD
Direxion Shares Etf Trust Daily Emerging Mkts Bull 3X Post Split,EDC,BATS,XNYS,US,USD
Direxion Shares Etf Trust Direxion Daily SP 500 Bull 3X Shares,SPXL,BATS,XNYS,US,USD
Avantis Responsible US Equity Etf,AVSU,BATS,XNYS,US,USD
Ishares Trust Russell Mid-Cap Growth Etf,IWP,BATS,XNYS,US,USD
Global X Fds Global X Hedge Fd Top Eq Hldgs Idx Etf,GURU,BATS,XNYS,US,USD
Trueshares Low Volatility Equity Income Etf,DIVZ,BATS,XNYS,US,USD
Ishares US Tech Breakthrough Multisector Etf,TECB,BATS,XNYS,US,USD
Knowledge Leaders Developed World Etf,KLDW,BATS,XNYS,US,USD
Invesco Actively Managed Etf Trust Active U S Real Estate Fd,PSR,BATS,XNYS,US,USD
First Tst Morningstar Div Leaders Funds,FDL,BATS,XNYS,US,USD
Ishares Trust Morningstar Mid-Cap Etf,IMCB,BATS,XNYS,US,USD
Teucrium Commodity Trust Corn Fd Shs,CORN,BATS,XNYS,US,USD
Pgim Floating Rate Income Etf,PFRL,BATS,XNYS,US,USD
Iq Healthy Hearts Etf,HART,BATS,XNYS,US,USD
Iq US Mid Cap RD Leaders Etf,MRND,BATS,XNYS,US,USD
Ishares Inc Msci Taiwan Etf,EWT,BATS,XNYS,US,USD
United Sts Commodity Index Fd Com Unit Repstg U S Copper Index Fd,CPER,BATS,XNYS,US,USD
Ishares Morningstar US Equity Etf,ILCB,BATS,XNYS,US,USD
Etfis Series Trust I Virtus Lifesci Biotech Clinical Trials,BBC,BATS,XNYS,US,USD
Etf Series Solutions Ai Powered International Equity Etf,AIIQ,BATS,XNYS,US,USD
Proshares Trust Short 7-10Yr Treas,TBX,BATS,XNYS,US,USD
Sprott Etf Tr Junior Gold Miners Etf,SGDJ,BATS,XNYS,US,USD
Global X Fds Msci China Consumer Discretionary Etf,CHIQ,BATS,XNYS,US,USD
First Trust Exch Traded Fund 2 Energy Alphadex Fd Usd,FXN,BATS,XNYS,US,USD
Vanguard Admiral Fds Inc SP 500 Value Index Fd Etf Shs,VOOV,BATS,XNYS,US,USD
Fidelity Sustainable Low Duration Bond Etf,FSLD,BATS,XNYS,US,USD
Pacer Fds Tr Us Export Leaders Etf,PEXL,BATS,XNYS,US,USD
Direxion World Without Waste Etf,WWOW,BATS,XNYS,US,USD
Kraneshares Tr Kfa Large Cap Quality Dividend Index Etf,KLCD,BATS,XNYS,US,USD
Ishares Msci Bic Etf,BKF,BATS,XNYS,US,USD
Vaneck Energy Income Etf,EINC,BATS,XNYS,US,USD
Agf Investments Tr Global Infrastructure Etf,GLIF,BATS,XNYS,US,USD
Spdr SP Smallcap 600 Esg Etf,ESIX,BATS,XNYS,US,USD
Spdr Nuveen Bloomberg Short Term Municipal Bond Etf,SHM,BATS,XNYS,US,USD
Direxion Shares Etf Trust Daily SP 500 Bull 2X New,SPUU,BATS,XNYS,US,USD
Ishares Trust Core 5-10 Year Bond Usd,IMTB,BATS,XNYS,US,USD
First Tr Exchange-Traded Fd Iii Short Duration Managed Municipal Etf,FSMB,BATS,XNYS,US,USD
Dynamic Short Short-Term Volatility Futures Etf,WEIX,BATS,XNYS,US,USD
Kelly Hotel Lodging Sector Etf,HOTL,BATS,XNYS,US,USD
Advisorshares Gerber Kawasaki Etf,GK,BATS,XNYS,US,USD
Spdr Series Trust Spdr SP Retail Etf,XRT,BATS,XNYS,US,USD
Ishares Trust Cybersecurity And Tech Etf,IHAK,BATS,XNYS,US,USD
Dbx Etf Trust Direxion Daily Homebuilders Supp Bull3x,NAIL,BATS,XNYS,US,USD
Bny Mellon High Yield Beta Etf,BKHY,BATS,XNYS,US,USD
Direxion Daily SP 500 Equal Weight Bull 2X Shares,EVEN,BATS,XNYS,US,USD
Lattice Strategies Tr Hartford Multifactor Emerging Markts Etf,ROAM,BATS,XNYS,US,USD
Ishares Trust Core SP Total U S Stk Mkt Etf,ITOT,BATS,XNYS,US,USD
Vanguard Index Funds Vanguard Mid-Cap Growth Etf,VOT,BATS,XNYS,US,USD
Invesco Exchange Traded Fd Tr SP 500 Quality Etf,SPHQ,BATS,XNYS,US,USD
Proshares Trust Ultrapro Dow30,UDOW,BATS,XNYS,US,USD
Kraneshares Sse Star Market 50 Index Etf,KSTR,BATS,XNYS,US,USD
Optica Rare Earths Critical Materials Etf,CRIT,BATS,XNYS,US,USD
Direxion Daily Dow Jones Internet Bull 3X Shares,WEBL,BATS,XNYS,US,USD
Vaneck Oil Refiners Etf,CRAK,BATS,XNYS,US,USD
United States Natural Gas Fund Lp Unit Post Rev Split,UNG,BATS,XNYS,US,USD
Jpmorgan Activebuilders International Equity Etf,JIDA,BATS,XNYS,US,USD
Direxion Daily SP Oil Gas Exp Prod Bull 2X Shares,GUSH,BATS,XNYS,US,USD
Franklin Templeton Etf Tr Ftse South Korea Etf,FLKR,BATS,XNYS,US,USD
Global X Fds SP 500 Covered Call Etf,XYLD,BATS,XNYS,US,USD
Amplify Etf Tr Cwp Enhanced Dividend Income Etf,DIVO,BATS,XNYS,US,USD
Global X Fds Msci Colombia Etf Post Rev Split,GXG,BATS,XNYS,US,USD
Flexshares Trust Iboxx 3 Yr Target Duration Tips Index Fd,TDTT,BATS,XNYS,US,USD
Spdr Bloomberg Emerging Markets Usd Bond Etf,EMHC,BATS,XNYS,US,USD
Ishares Trust Dow Jones US Etf,IYY,BATS,XNYS,US,USD
Ishares Trust Russell Top 200 Growth Etf,IWY,BATS,XNYS,US,USD
Etfmg Prime 2X Daily Junior Silver Miners Etf,SILX,BATS,XNYS,US,USD
Pimco Etf Trust Enhanced Short Maturity Active Etf Usd,MINT,BATS,XNYS,US,USD
Changebridge Capital Sustainable Equity Etf,CBSE,BATS,XNYS,US,USD
Amplify Digital Online Trading Etf,BIDS,BATS,XNYS,US,USD
Defiance Next Gen H2 Etf,HDRO,BATS,XNYS,US,USD
Roundhill Acquirers Deep Value Etf,DEEP,BATS,XNYS,US,USD
Spdr Series Trust SP Internet Etf,XWEB,BATS,XNYS,US,USD
Proshares Trust Hedge Replication Etf,HDG,BATS,XNYS,US,USD
Allianzim US Large Cap Buffer10 Jan Etf,AZAJ,BATS,XNYS,US,USD
Defiance Next Gen Altered Experience Etf,PSY,BATS,XNYS,US,USD
Schwab Strategic Tr 1-5 Year Corporate Bond Etf,SCHJ,BATS,XNYS,US,USD
Bny Mellon Short Duration Corporate Bond Etf,BKSB,BATS,XNYS,US,USD
Pacer Fds Tr Benchmark Data Infra Rl Estat Sctr Etf,SRVR,BATS,XNYS,US,USD
Innovator International Developed Power Buffer Etf-October,IOCT,BATS,XNYS,US,USD
Inspire Corporate Bond Esg Etf,IBD,BATS,XNYS,US,USD
Indexiq Active Etf Trust Iq Ultra Short Duration Etf,ULTR,BATS,XNYS,US,USD
Goldman Sachs Etf Trust Just Us Large Cap Equity Etf,JUST,BATS,XNYS,US,USD
Ishares Trust Currency Hedged Msci Acwi E,HAWX,BATS,XNYS,US,USD
Spdr Series Trust Spdr SP600 Small Cap Grwth Etf,SLYG,BATS,XNYS,US,USD
Pacer Fds Tr Benchmark Indstrial Real Estate Sctr Etf,INDS,BATS,XNYS,US,USD
Proshares Trust Pshs Ultra Indl,UXI,BATS,XNYS,US,USD
Alps Etf Trust Equal Sector Weight Etf,EQL,BATS,XNYS,US,USD
Wbi Bullbear Yield 3000 Etf,WBIG,BATS,XNYS,US,USD
Proshares Trust Ultrashort Ftse Europe,EPV,BATS,XNYS,US,USD
Fidelity Covington Trust International High Dividend Etf,FIDI,BATS,XNYS,US,USD
Invesco Exchange Traded Fd Tr Zacks Multi-Asset Income Etf,CVY,BATS,XNYS,US,USD
Invesco Exchange Trd Self Idx Fd Tr Investment Grade Value Etf,IIGV,BATS,XNYS,US,USD
Ishares Us Etf Trust Bloomberg Rol Select Comdty Strategy Etf,CMDY,BATS,XNYS,US,USD
Xtrackers Harvest Csi 500 China A-Shares Small Cap Etf,ASHS,BATS,XNYS,US,USD
Proshares Trust Ii Ultrashort Bloomberg Natural GasRS,KOLD,BATS,XNYS,US,USD
Bondbloxx Usd High Yield Bond Healthcare Sector Etf,XHYH,BATS,XNYS,US,USD
Global X SP 500 Quality Dividend Etf,QDIV,BATS,XNYS,US,USD
Direxion Breakfast Commodities Strategy Etf,BRKY,BATS,XNYS,US,USD
Proshares Trust Ultra Msci Eafe,EFO,BATS,XNYS,US,USD
Vaneck Uranium Nuclear Energy Etf,NLR,BATS,XNYS,US,USD
Schwab Strategic Tr Us Small-Cap Etf,SCHA,BATS,XNYS,US,USD
Ishares US Equity Factor Etf,LRGF,BATS,XNYS,US,USD
Global Beta Smart Income Etf,GBDV,BATS,XNYS,US,USD
Direxion Nanotechnology Etf,TYNE,BATS,XNYS,US,USD
Proshares Trust Pshs Ultra Tech,ROM,BATS,XNYS,US,USD
Day Hagan Ned Davis Research Smart Sector Etf,SSUS,BATS,XNYS,US,USD
Pimco Etf Trust 15 Yr Us Tips Index Fd Etf,LTPZ,BATS,XNYS,US,USD
Amplify Lithium Battery Technology Etf,BATT,BATS,XNYS,US,USD
Ishares Trust Global Materials Etf,MXI,BATS,XNYS,US,USD
Capital Group Core Plus Income Etf,CGCP,BATS,XNYS,US,USD
Smartetfs Smart Transportation Technology Etf,MOTO,BATS,XNYS,US,USD
Etf Managers Trust Prime Mobile Payments Etf,IPAY,BATS,XNYS,US,USD
Spdr Series Trust Portfolio Short Term Treasury Etf,SPTS,BATS,XNYS,US,USD
Schwab Strategic Tr Us Mid-Cap Etf,SCHM,BATS,XNYS,US,USD
Vanguard Admiral Fds Inc SP Midcap 400 Index Fd Etf Shs,IVOO,BATS,XNYS,US,USD
Indexiq Etf Trust Iq Merger Arbitrage Etf Usd,MNA,BATS,XNYS,US,USD
Wisdomtree Floating Rate Treasury Fund,USFR,BATS,XNYS,US,USD
Ishares Trust 10-20 Year Treasury Bd Etf,TLH,BATS,XNYS,US,USD
Exchange Listed Funds Trust Qraft Ai Enhanced Us Large Cap Etf,QRFT,BATS,XNYS,US,USD
Kraneshares Bosera Msci China A 50 Connect Index Etf,KBA,BATS,XNYS,US,USD
Sprott Etf Tr Gold Miners Etf,SGDM,BATS,XNYS,US,USD
Janus Detroit Street Trust Henderson Mortgage Backed Securities Etf,JMBS,BATS,XNYS,US,USD
Bondbloxx Usd High Yield Bond Energy Sector Etf,XHYE,BATS,XNYS,US,USD
Spdr Series Trust SP Kensho Final Frontiers Etf,ROKT,BATS,XNYS,US,USD
Sonicshares Airlines Hotels Cruise Lines Etf,TRYP,BATS,XNYS,US,USD
Gabelli Love Our Planet People Etf,LOPP,BATS,XNYS,US,USD
Indexiq Etf Trust Iq SP High Yield Low Volatility Bd Etf,HYLV,BATS,XNYS,US,USD
Ishares Trust Msci Ireland Etf,EIRL,BATS,XNYS,US,USD
American Century Etf Trust Avantis U S Small Cap Value Etf Usd,AVUV,BATS,XNYS,US,USD
Goldman Sachs Future Consumer Equity Etf,GBUY,BATS,XNYS,US,USD
Spdr Series Trust Spdr SP 400 Mid Cap Value Etf,MDYV,BATS,XNYS,US,USD
Proshares Trust SP 500 Ex Health Care Etf,SPXV,BATS,XNYS,US,USD
Spdr Series Trust Spdr SP600 Small Cap Etf,SLY,BATS,XNYS,US,USD
Ishares US Consumer Staples Etf,IYK,BATS,XNYS,US,USD
Global X Fds Global X Msci Portugal Etf,PGAL,BATS,XNYS,US,USD
American Century Low Volatility Etf,LVOL,BATS,XNYS,US,USD
Vanguard Admiral Fds Inc SP 500 Growth Index Fd Etf Shs,VOOG,BATS,XNYS,US,USD
Schwab Strategic Tr Long Term U S Treasury Etf,SCHQ,BATS,XNYS,US,USD
Alps Etf Trust Intl Sector Divid Dogs Etf,IDOG,BATS,XNYS,US,USD
Spdr Index Shares Funds Spdr SP China Etf,GXC,BATS,XNYS,US,USD
First Tr Exchange Traded Fd Iv North Amern Energy Infrastr,EMLP,BATS,XNYS,US,USD
Ishares Inc Msci Canada Etf,EWC,BATS,XNYS,US,USD
Invesco Exchange Traded Fd Tr Ii SP 500 Momentum Etf,SPMO,BATS,XNYS,US,USD
Infracap Equity Income Fund Etf,ICAP,BATS,XNYS,US,USD
Pimco Etf Trust 1-5 Yr Us Tips Index Etf,STPZ,BATS,XNYS,US,USD
Ishares Trust Msci Indonesia Etf,EIDO,BATS,XNYS,US,USD
Wisdomtree Trust Europe Hedged Smallcap Equity Fd,EUSC,BATS,XNYS,US,USD
Proshares Trust Long Online Short Stores Etf,CLIX,BATS,XNYS,US,USD
Cp High Yield Trend Etf,HYTR,BATS,XNYS,US,USD
Schwab Strategic Tr Intl Small Cap Equity Etf,SCHC,BATS,XNYS,US,USD
Flexshares Trust Quality Divid Dynamic Index Fd,QDYN,BATS,XNYS,US,USD
Vanguard Index Funds Vanguard Growth Etf,VUG,BATS,XNYS,US,USD
Etf Series Solutions Volshares Large Cap Etf,VSL,BATS,XNYS,US,USD
Global X SP 500 Collar 95-110 Etf,XCLR,BATS,XNYS,US,USD
Listed Fund Trust Overlay Shares Municipal Bond Etf,OVM,BATS,XNYS,US,USD
Vanguard Whitehall Funds Vanguard High Dividend Yield Etf,VYM,BATS,XNYS,US,USD
Pgim Etf Trust Pgim Ultra Short Bond Etf,PULS,BATS,XNYS,US,USD
Us Value Etf,USVT,BATS,XNYS,US,USD
Etfis Series Trust I Virtus Real Asset Income Etf,VRAI,BATS,XNYS,US,USD
Leadershares Activist Leaders Etf,ACTV,BATS,XNYS,US,USD
Invesco Exchange Traded Fd Tr Ii Emerging Mkts Sovereign Debt Etf,PCY,BATS,XNYS,US,USD
Ai Quality Growth Etf,AQGX,BATS,XNYS,US,USD
Sp Funds Dow Jones Global Sukuk Etf,SPSK,BATS,XNYS,US,USD
Bny Mellon Us Large Cap Core Equity Etf,BKLC,BATS,XNYS,US,USD
Jp Morgan Etf Trust Diversified Return Us Mid Cap Equity,JPME,BATS,XNYS,US,USD
Cabana Target Drawdown 16 Etf,TDSE,BATS,XNYS,US,USD
Invesco Actively Managed Etf Trust Ultra Short Duration Etf,GSY,BATS,XNYS,US,USD
Indexiq Etf Trust Iq Hedge LongShort Tracker Etf,QLS,BATS,XNYS,US,USD
Iq Mackay California Municipal Intermediate Etf,MMCA,BATS,XNYS,US,USD
Invesco Db G10 Currency Harvest Fd Unit,DBV,BATS,XNYS,US,USD
Spdr Series Trust Portfolio Tips Etf,SPIP,BATS,XNYS,US,USD
Victory Portfolios Ii Shares Usaa Core Short Term Bond Etf,USTB,BATS,XNYS,US,USD
Alps Etf Trust Alerian Mlp EtfPost Rev Split,AMLP,BATS,XNYS,US,USD
Etf Managers Trust Etfmg Alternative Harvest Etf,MJ,BATS,XNYS,US,USD
Spdr Series Trust Spdr SP Homebuilders Etf,XHB,BATS,XNYS,US,USD
Global Beta Low Beta Etf,GBLO,BATS,XNYS,US,USD
Ishares Inc Msci Australia Etf,EWA,BATS,XNYS,US,USD
Ishares Trust Mcsi Kld 400 Social Idx Fd,DSI,BATS,XNYS,US,USD
Wisdomtree US Esg Fund,RESP,BATS,XNYS,US,USD
Invesco Exchange Traded Fd Tr Finl Pfd Etf,PGF,BATS,XNYS,US,USD
Indexiq Etf Trust Iq Hedge Macro Tracker Etf,MCRO,BATS,XNYS,US,USD
Abrdn Physical Silver Shares Etf,SIVR,BATS,XNYS,US,USD
American Century Etf Trust Avantis International Small Cap Val Etf,AVDV,BATS,XNYS,US,USD
Global X Fds Global X Lithium Battery Tech Etf Usd,LIT,BATS,XNYS,US,USD
