Name,Ticker,Exchange,Primary,Index,Isin,Cusip,Sedol
Wendel Se,MF,XPAR,XPAR,['Euro Stoxx 600'],FR0000121204,F98370103,7390113
Generix Group Sa,GENX,XPAR,XPAR,[],FR0010501692,F4368N259,B23S5P4
Memscap Sa,MEMS,XPAR,XPAR,[],FR0010298620,F6112P225,B114KJ6
Holcim Ltd,HOLN,XPAR,XPAR,['Euro Stoxx 600'],CH0012214059,H3816Q102,BZ3DNX4
Virbac Sa,VIRP,XPAR,XPAR,[],FR0000031577,F97900116,7399369
Bouygues SA,EN,XPAR,XPAR,"['Cac 40', 'Euro Stoxx 600']",FR0000120503,F11487125,4002121
Carmila Sa,CARM,XPAR,XPAR,[],FR0010828137,F1387K266,B4Y0230
Nhoa Sa,NHOA,XPAR,XPAR,[],FR0012650166,F76292105,BWV0D14
Robertet Sa,RBT,XPAR,XPAR,[],FR0000039091,F78649120,4899572
Vivendi Se,VIV,XPAR,XPAR,"['Cac 40', 'Euro Stoxx 50', 'Euro Stoxx 600']",FR0000127771,F97982106,4834777
Sanofi SA,SAN,XPAR,XPAR,"['Cac 40', 'Euro Stoxx 50', 'Euro Stoxx 600']",FR0000120578,F5548N101,5671735
Solocal Group SA,LOCAL,XPAR,XPAR,[],FR00140006O9,F8569A172,BMF7DX3
Abionyx Pharma Sa,ABNX,XPAR,XPAR,[],FR0012616852,F0020A107,BWCGXB1
X-Fab Silicon Foundries Se,XFAB,XPAR,XPAR,[],BE0974310428,B9901Z101,BD97P41
Scor Se,SCR,XPAR,XPAR,['Euro Stoxx 600'],FR0010411983,F15561677,B1LB9P6
Altarea Sca,ALTA,XPAR,XPAR,[],FR0000033219,F0261X121,4821638
Eutelsat Communications SA,ETL,XPAR,XPAR,['Euro Stoxx 600'],FR0010221234,F3692M128,B0M7KJ7
Union Financiere De France Banque SA,UFF,XPAR,XPAR,[],FR0000034548,F95117101,4911982
Mcphy Energy Sa,MCPHY,XPAR,XPAR,[],FR0011742329,F6S02U102,BKF1Y61
Technip Energies NV,TE,XPAR,XPAR,[],NL0014559478,N8486R101,BNC0116
Plastiques Du Val De Loire Sa,PVL,XPAR,XPAR,[],FR0013252186,F9620W104,BYPFFX5
Trigano Sa,TRI,XPAR,XPAR,[],FR0005691656,F93488108,4457624
Aramis Group Sas,ARAMI,XPAR,XPAR,[],FR0014003U94,F0356L107,BMCQH08
Itesoft Sa,ITE,XPAR,XPAR,[],FR0004026151,F5319C102,4732785
Axa Sa,CS,XPAR,XPAR,"['Cac 40', 'Euro Stoxx 50', 'Euro Stoxx 600', 'Russell 1000', 'Russell 3000', 'Snp 500']",FR0000120628,F06106102,7088429
La Francaise Des Jeux SA,FDJ,XPAR,XPAR,[],FR0013451333,F55896108,BG0SC10
Sqli Sa,SQI,XPAR,XPAR,[],FR0011289040,F8708K115,B8KMFF1
Rothschild Co,ROTH,XPAR,XPAR,[],FR0000031684,F7957F116,4672308
Interparfums SA,ITP,XPAR,XPAR,[],FR0004024222,F5262B119,4433839
Pcas SA,PCA,XPAR,XPAR,[],FR0000053514,F7522B103,5834903
Gecina Sa,GFC,XPAR,XPAR,['Euro Stoxx 600'],FR0010040865,F4268U171,7742468
Lagardere Sa,MMB,XPAR,XPAR,['Euro Stoxx 600'],FR0000130213,F5485U100,4547213
Transition Evergreen Sa,EGR,XPAR,XPAR,[],FR0000035784,F2624W105,5258901
Ab Science SA,AB,XPAR,XPAR,[],FR0010557264,F0028W101,B5VSTM2
Capgemini,CAP,XPAR,XPAR,"['Cac 40', 'Euro Stoxx 600']",FR0000125338,F4973Q101,4163437
Sword Group Se,SWP,XPAR,XPAR,[],FR0004180578,F91829105,B089JF6
Graines Voltz Sa,GRVO,XPAR,XPAR,[],FR0000065971,F98105103,5565634
Axway Software SA,AXW,XPAR,XPAR,[],FR0011040500,F0634C101,B3S0TP0
Lumibird SA,LBIRD,XPAR,XPAR,[],FR0000038242,F7627R110,5336324
Verimatrix Sa,VMX,XPAR,XPAR,[],FR0010291245,,B7H4WQ3
Vallourec Sa,VK,XPAR,XPAR,[],FR0013506730,F96708270,BLGWF90
Ekinops SA,EKI,XPAR,XPAR,[],FR0011466069,F2925C113,B9QN618
Burelle SA,BUR,XPAR,XPAR,[],FR0000061137,F12264127,4152769
Linedata Services SA,LIN,XPAR,XPAR,"['Dax', 'Euro Stoxx 600', 'Russell 1000', 'Russell 3000', 'Snp 500']",,F57273116,5967876
Covivio Hotels SCA,COVH,XPAR,XPAR,[],FR0000060303,F3831G149,B1WSPV4
Lysogene SA,LYS,XPAR,XPAR,[],FR0013233475,F58864103,BD31H32
Navya Sa,NAVYA,XPAR,XPAR,[],FR0013018041,F4952R104,BF2S5R8
Neurones Sa,NRO,XPAR,XPAR,[],FR0004050250,F6523H101,5972676
Technicolor Sa,TCH,XPAR,XPAR,[],FR0013505062,,BLR97V6
Derichebourg Sa,DBG,XPAR,XPAR,[],FR0000053381,F2546C237,4457088
Hermes International Sa,RMS,XPAR,XPAR,"['Cac 40', 'Euro Stoxx 50', 'Euro Stoxx 600']",FR0000052292,F48051100,5253973
Electricite De France Sa,EDF,XPAR,XPAR,['Euro Stoxx 600'],FR0010242511,F2940H113,B0NJJ17
Mauna Kea Technologies Sa,MKEA,XPAR,XPAR,[],FR0010609263,F6099Z105,B6R2RH6
Stellantis Nv,STLA,XPAR,XPAR,"['Cac 40', 'Euro Stoxx 50', 'Euro Stoxx 600']",NL00150001Q9,N82405106,BMD8F98
Dassault Aviation Sa,AM,XPAR,XPAR,['Euro Stoxx 600'],FR0014004L86,F24539169,BMT9L19
Diageo Plc,DGE,XPAR,XPAR,"['Euro Stoxx 600', 'Ftse 100', 'Ftse 350']",GB0002374006,G42089113,5399736
Xilam Animation Sa,XIL,XPAR,XPAR,[],FR0004034072,F9858B103,7300651
Ose Immunotherapeutics SA,OSE,XPAR,XPAR,[],FR0012127173,F6913C100,BWBSJ10
Sergeferrari Group Sa,SEFER,XPAR,XPAR,[],FR0011950682,F8318G108,BN791N0
Rubis Sca,RUI,XPAR,XPAR,['Euro Stoxx 600'],FR0013269123,F7686C152,BDT88L2
Sodexo Sa,SW,XPAR,XPAR,"['Cac 40', 'Euro Stoxx 600']",FR0000121220,F84941123,7062713
Parrot Sa,PARRO,XPAR,XPAR,[],FR0004038263,F7096P108,B04VST3
Hexaom Sa,HEXA,XPAR,XPAR,[],FR0004159473,,B0DCZT6
Voltalia SA,VLTSA,XPAR,XPAR,[],FR0011995588,F98177128,BNLPTL8
Esi Group Sa,ESI,XPAR,XPAR,[],FR0004110310,,4031910
Cnim Groupe Sa,COM,XPAR,XPAR,[],FR0000053399,D1548W102,4182023
Geneuro Sa,GNRO,XPAR,XPAR,[],CH0308403085,H33418106,BYZX380
Casino Guichard Perrachon,CO,XPAR,XPAR,['Euro Stoxx 600'],FR0000125585,F14133106,4178419
Genfit SA,GNFT,XPAR,XPAR,[],FR0004163111,F43738107,B03B708
Orege SA,OREGE,XPAR,XPAR,[],FR0010609206,F6775A101,B2R4YH3
Gl Events SA,GLO,XPAR,XPAR,[],FR0000066672,F7440W163,7154104
2Crsi Sa,2CRSI,XPAR,XPAR,[],FR0013341781,,BF2DSF2
Guerbet Sa,GBT,XPAR,XPAR,[],FR0000032526,F46788109,4395155
Lair Liquide SA,AI,XPAR,XPAR,"['Cac 40', 'Euro Stoxx 50', 'Euro Stoxx 600', 'Russell 2000', 'Russell 3000']",FR0000120073,F01764103,B1YXBJ7
Caterpillar Inc,CATR,XPAR,XPAR,"['Dow Jones', 'Nasdaq Composite', 'Russell 1000', 'Russell 3000', 'Snp 500']",US1491231015,149123101,4180254
Engie Sa,ENGI,XPAR,XPAR,"['Cac 40', 'Euro Stoxx 50', 'Euro Stoxx 600']",FR0010208488,F7629A107,B0C2CQ3
Imerys Sa,NK,XPAR,XPAR,['Euro Stoxx 600'],FR0000120859,F49644101,B011GL4
Manitou Bf Sa,MTU,XPAR,XPAR,[],FR0000038606,F59766109,5724048
Bourse Direct SA,BSD,XPAR,XPAR,[],FR0000074254,F1139U109,5984767
Stef Sa,STF,XPAR,XPAR,[],FR0000064271,F8860X103,B0VY3M3
Kaufman Broad Sa,KOF,XPAR,XPAR,[],FR0004007813,F5375H102,B138HB7
Barbara Bui SA,BUI,XPAR,XPAR,"['Russell 1000', 'Russell 3000']",FR0000062788,122017106,5436945
Abivax SA,ABVX,XPAR,XPAR,[],FR0012333284,F00182109,BYZZ7S4
Catana Group SA,CATG,XPAR,XPAR,[],FR0010193052,F7247A109,B083S40
Atos Se,ATO,XPAR,XPAR,"['Cac 40', 'Euro Stoxx 600']",FR0000051732,F06116101,5654781
Fnac Darty Sa,FNAC,XPAR,XPAR,[],FR0011476928,F3808N101,B7VQL46
Klepierre Sa,LI,XPAR,XPAR,['Euro Stoxx 600'],FR0000121964,F5396X102,7582556
St Dupont Sa,DPT,XPAR,XPAR,[],FR0000054199,F87149104,5158186
Nicox SA,COX,XPAR,XPAR,[],FR0013018124,F6533F301,BZ16HF5
High Co,HCO,XPAR,XPAR,[],FR0000054231,F4815C104,7394977
Inventiva Sa,IVA,XPAR,XPAR,[],FR0013233012,F5R343107,BD3DW55
Schlumberger Nv,SLB,XPAR,XPAR,"['Russell 1000', 'Russell 3000', 'Snp 500']",,806857108,4779209
Nanobiotix Sa,NANO,XPAR,XPAR,[],FR0011341205,F64308111,B8X9FN7
Amplitude Surgical Sa,AMPLI,XPAR,XPAR,[],FR0012789667,F0297D107,BZ0YDW9
Altur Investissement Sca,ALTUR,XPAR,XPAR,[],FR0010395681,F9544D109,B04Y6G5
Cast SA,CAS,XPAR,XPAR,[],FR0000072894,F14224103,5689147
Touax Sca,TOUP,XPAR,XPAR,[],FR0000033003,F92135114,5508974
Stmicroelectronics NV,STM,XPAR,XPAR,"['Cac 40', 'Euro Stoxx 600']",NL0000226223,N83574108,5962332
Ses Imagotag Sa,SESL,XPAR,XPAR,[],FR0010282822,F8333P109,B0XMRC3
Orpea Sa,ORP,XPAR,XPAR,['Euro Stoxx 600'],FR0000184798,F69036105,7339451
Cafom Sa,CAFO,XPAR,XPAR,[],FR0010151589,F17977103,B05HV24
Cegedim Sa,CGM,XPAR,XPAR,"['Cac 40', 'Euro Stoxx 600']",FR0000053506,,5456233
Metabolic Explorer Sa,METEX,XPAR,XPAR,[],FR0004177046,F61346106,B03LYZ2
Legrand Sa,LR,XPAR,XPAR,"['Cac 40', 'Euro Stoxx 600']",FR0010307819,F56196185,B11ZRK9
Eurofins Scientific Se,ERF,XPAR,XPAR,"['Cac 40', 'Euro Stoxx 600']",FR0014000MR3,L31839134,BNDPYV1
Television Francaise 1 Sa,TFI,XPAR,XPAR,[],FR0000054900,F91255103,5997118
Coheris SA,COH,XPAR,XPAR,[],FR0004031763,F19289101,5929456
Thales SA,HO,XPAR,XPAR,"['Cac 40', 'Euro Stoxx 600']",FR0000121329,F9156M108,4162791
Valeo Sa,FR,XPAR,XPAR,['Euro Stoxx 600'],FR0013176526,F96221340,BDC5ST8
Etablissements Maurel Et Prom Sa,MAU,XPAR,XPAR,[],FR0000051070,F60858101,B05DY78
Jcdecaux Sa,DEC,XPAR,XPAR,['Euro Stoxx 600'],FR0000077919,F5333N100,7136663
Beneteau Sa,BEN,XPAR,XPAR,[],FR0000035164,F09419106,7309283
LDC,LOUP,XPAR,XPAR,[],FR0013204336,F5588Z105,BD5BPJ2
Infotel Sa,INF,XPAR,XPAR,[],FR0000071797,,5604667
Elior Group,ELIOR,XPAR,XPAR,[],FR0011950732,F3253Q112,BN40H61
Nacon Sa,NACON,XPAR,XPAR,[],FR0013482791,,BL4SFK1
Compagnie De Lodet Se,ODET,XPAR,XPAR,[],FR0000062234,F5758F103,4318806
Eramet Sa,ERA,XPAR,XPAR,[],FR0000131757,F3145H130,4017017
Soitec Sa,SOI,XPAR,XPAR,[],FR0013227113,F8582K389,BZ6T5C2
Faurecia Se,EO,XPAR,XPAR,['Euro Stoxx 600'],FR0000121147,F3445A108,4400446
Neoen Sa,NEOEN,XPAR,XPAR,[],FR0011675362,F6517R107,BGV7F95
Renault Sa,RNO,XPAR,XPAR,"['Cac 40', 'Euro Stoxx 600']",FR0000131906,F77098105,4712798
Veolia Environnement,VIE,XPAR,XPAR,"['Cac 40', 'Euro Stoxx 600']",FR0000124141,F9686M107,4031879
Lisi Sa,FII,XPAR,XPAR,[],FR0000050353,F5754P105,5489916
Lna Sante Sa,LNA,XPAR,XPAR,[],FR0004170017,F5641R108,B03GCV9
Albioma Sa,ABIO,XPAR,XPAR,[],FR0000060402,F0190K109,B188CY0
Ateme Sa,ATEME,XPAR,XPAR,[],FR0011992700,F0414R138,BNGWYJ7
Nrj Group SA,NRG,XPAR,XPAR,"['Russell 1000', 'Russell 3000', 'Snp 500']",FR0000121691,F6637Z112,5996126
Aures Technologies Sa,AURS,XPAR,XPAR,[],FR0013183589,F0500Q101,BD065D6
Mersen Sa,MRN,XPAR,XPAR,[],FR0000039620,F9622M146,5481202
Quadient Sa,QDT,XPAR,XPAR,[],FR0000120560,F7488R100,5617096
Seb,SK,XPAR,XPAR,['Euro Stoxx 600'],FR0000121709,F82059100,4792132
Believe Sa,BLV,XPAR,XPAR,[],FR0014003FE9,F1R34G149,BN0SCC0
Euronext Nv,ENX,XPAR,XPAR,['Euro Stoxx 600'],NL0006294274,N3113K397,BNBNSG0
Ald SA,ALD,XPAR,XPAR,[],FR0013258662,F0195N108,BF03BV1
Tarkett SA,TKTT,XPAR,XPAR,[],FR0004188670,,BGH15L3
Covivio Sa,COV,XPAR,XPAR,['Euro Stoxx 600'],FR0000064578,,7745638
Carrefour Sa,CA,XPAR,XPAR,"['Cac 40', 'Euro Stoxx 50', 'Euro Stoxx 600']",FR0000120172,F13923119,5641567
Worldline Sa,WLN,XPAR,XPAR,"['Cac 40', 'Euro Stoxx 600']",FR0011981968,,BNFWR44
Publicis Groupe SA,PUB,XPAR,XPAR,"['Cac 40', 'Euro Stoxx 600']",FR0000130577,F7607Z165,4380429
Euroapi Sa,EAPI,XPAR,XPAR,['Cac 40'],FR0014008VX5,F33077102,BQ7ZVF1
Arkema Sa,AKE,XPAR,XPAR,['Euro Stoxx 600'],FR0010313833,F0392W125,B0Z5YZ2
Dekuple SA,DKUPL,XPAR,XPAR,[],FR0000062978,F0017V106,5458789
General Electric Co,GNE,XPAR,XPAR,"['Russell 1000', 'Russell 2000', 'Russell 3000', 'Snp 500']",,369604301,
Europcar Mobility Grp,EUCAR,XPAR,XPAR,[],FR0012789949,,
Smcp Sa,SMCP,XPAR,XPAR,[],FR0013214145,F84440100,BDVP4Y6
Compagnie Des Alpes,CDA,XPAR,XPAR,[],FR0000053324,F2005P158,B1YBWR6
Christian Dior Se,CDI,XPAR,XPAR,['Euro Stoxx 600'],FR0000130403,F26334106,4061393
Synergie Se,SDG,XPAR,XPAR,[],FR0000032658,F90342118,5999749
Gaztransport Et Technigaz,GTT,XPAR,XPAR,[],FR0011726835,F42674113,BJYRDP5
Sopra Steria Group SA,SOP,XPAR,XPAR,['Euro Stoxx 600'],FR0000050809,F20906115,5633616
Alstom Sa,ALO,XPAR,XPAR,"['Cac 40', 'Euro Stoxx 600']",FR0010220475,F0259M475,B0DJ8Q5
Groupe Crit Sa,CEN,XPAR,XPAR,[],FR0000036675,F1511B109,7071775
Ipsos Sa,IPS,XPAR,XPAR,[],FR0000073298,F5310M109,B188NJ2
Courtois SA,COUR,XPAR,XPAR,"['Russell 2000', 'Russell 3000']",FR0000065393,F22428100,4228734
Remy Cointreau Sa,RCO,XPAR,XPAR,['Euro Stoxx 600'],FR0000130395,F7725A100,4741714
Rallye Sa,RAL,XPAR,XPAR,[],FR0000060618,F43743107,4368920
Myhotelmatch Saca,FPN,XPAR,XPAR,[],FR0011277391,,B881LH4
Hydrogene De France,HDF,XPAR,XPAR,[],FR0014003VY4,,BNR4L91
Actia Group Sa,ATI,XPAR,XPAR,[],FR0000076655,F0041Q123,5983786
Nexity Sa,NXI,XPAR,XPAR,[],FR0010112524,F6527B126,B037JC2
Plastic Omnium,POM,XPAR,XPAR,[],FR0000124570,F73325106,B08V9H4
Gaumont Sa,GAM,XPAR,XPAR,[],FR0000034894,F42567101,4412162
Pierre Et Vacances Sa,VAC,XPAR,XPAR,[],FR0000073041,F4447W106,5700479
Bonduelle Sa,BON,XPAR,XPAR,[],FR0000063935,F10689119,5481989
Chargeurs Sa,CRI,XPAR,XPAR,[],FR0000130692,F1615M100,5021318
Manutan International SA,MAN,XPAR,XPAR,[],FR0000032302,F60060104,4564869
Sartorius Stedim Biotech SA,DIM,XPAR,XPAR,['Euro Stoxx 600'],FR0013154002,F8005V210,BYZ2QP5
Verallia Sa,VRLA,XPAR,XPAR,[],FR0013447729,F96976117,BKT7807
Cs Group Sa,SX,XPAR,XPAR,[],FR0007317813,F2056D138,7004856
Rexel Sa,RXL,XPAR,XPAR,['Euro Stoxx 600'],FR0010451203,,B1VP0K0
Fermentalg Sa,FALG,XPAR,XPAR,[],FR0011271600,,BL25DD3
Mercialys Sa,MERY,XPAR,XPAR,[],FR0010241638,F61573105,B0LMF87
Edenred Se,EDEN,XPAR,XPAR,['Euro Stoxx 600'],FR0010908533,F3192L109,B62G1B5
Sogeclair Sa,SOG,XPAR,XPAR,[],FR0000065864,F85585101,5551365
Gerard Perrier Industrie SA,PERR,XPAR,XPAR,[],FR0000061459,F72038106,B1BRLP8
Latecoere,LAT,XPAR,XPAR,[],FR0000032278,F51177107,7530146
Amundi SA,AMUN,XPAR,XPAR,['Euro Stoxx 600'],FR0004125920,F0300Q103,BYZR014
Innate Pharma SA,IPH,XPAR,XPAR,[],FR0010331421,F5277D100,B1G5FB1
Marie Brizard Wine Spirits,BMWS,XPAR,XPAR,[],FR0000060873,F6033R102,5182282
Recylex Sa,RX,XPAR,XPAR,[],FR0000120388,F7699L157,4679406
Air France-Klm,AF,XPAR,XPAR,"['Aex 25', 'Euro Stoxx 600']",FR0000031122,F01699135,4916039
Compagnie De Saint Gobain Sa,SGO,XPAR,XPAR,"['Cac 40', 'Euro Stoxx 50', 'Euro Stoxx 600']",FR0000125007,F80343100,7380482
Srp Groupe Sa,SRP,XPAR,XPAR,[],FR0013006558,,BYNZ9V3
Pharmagest Interactive,PHA,XPAR,XPAR,[],FR0012882389,F7242R115,BZ04NV8
Korian Sa,KORI,XPAR,XPAR,[],FR0010386334,F5412L108,B1HKRM0
Exel Industries SA,EXE,XPAR,XPAR,[],FR0004527638,F9094V103,5266528
Media 6 SA,EDI,XPAR,XPAR,[],FR0000064404,F6099Q105,5483703
Abc Arbitrage SA,ABCA,XPAR,XPAR,[],FR0004040608,F0011K106,4121714
Cgg,CGG,XPAR,XPAR,[],FR0013181864,,BYVFMG1
Poxel SA,POXEL,XPAR,XPAR,[],FR0012432516,F7S69W106,BVL8RS6
Abeo Sa,ABEO,XPAR,XPAR,[],FR0013185857,,BZ13Z30
Nokia Oyj,NOKIA,XPAR,XPAR,"['Euro Stoxx 50', 'Euro Stoxx 600']",FI0009000681,X61873133,5946455
Lacroix Group Sa,LACR,XPAR,XPAR,[],FR0000066607,,4511445
Bureau Veritas Sa,BVI,XPAR,XPAR,['Euro Stoxx 600'],FR0006174348,F96888114,B28DTJ6
ArtmarketCom Sa,PRC,XPAR,XPAR,[],FR0000074783,F0405C108,5869240
Paris Realty Fund Sa,PAR,XPAR,XPAR,[],FR0010263202,F70147107,B0T4GJ3
Totalenergies Ep Gabon SA,EC,XPAR,XPAR,[],GA0000121459,V9047L105,4309781
Alan Allman Associates Sa,AAA,XPAR,XPAR,[],FR0000062465,F9697P107,4900924
Antin Infrastructure Partners Sa,ANTIN,XPAR,XPAR,[],FR0014005AL0,,BNZJDK3
Colas SA,RE,XPAR,XPAR,"['Cac 40', 'Euro Stoxx 50', 'Euro Stoxx 600', 'Russell 1000', 'Russell 3000', 'Snp 500']",FR0000121634,F19320104,5996085
Lectra Sa,LSS,XPAR,XPAR,[],FR0000065484,F56028107,4508663
Societe Generale Sa,GLE,XPAR,XPAR,"['Cac 40', 'Euro Stoxx 50', 'Euro Stoxx 600']",FR0000130809,F8591M517,5966516
Aeroports De Paris Sa,ADP,XPAR,XPAR,"['Euro Stoxx 600', 'Nasdaq 100', 'Nasdaq Composite', 'Russell 1000', 'Russell 3000', 'Snp 500']",FR0010340141,F00882104,B164FY1
Gensight Biologics SA,SIGHT,XPAR,XPAR,[],FR0013183985,F4374K117,BD07M05
Union Technologies Informatique Group SA,FPG,XPAR,XPAR,[],FR0000074197,F9556P107,5975040
Oeneo Sa,SBT,XPAR,XPAR,[],FR0000052680,F6734P108,5998177
Groupe Gorge Sa,GOE,XPAR,XPAR,[],FR0000062671,F4606F100,B06BGH5
Boiron Sa,BOI,XPAR,XPAR,[],FR0000061129,F10626103,7622043
Michelin,ML,XPAR,XPAR,"['Cac 40', 'Euro Stoxx 600']",,F61824870,BPBPJ01
Paragon Id Sa,PID,XPAR,XPAR,[],FR0013318813,F6957K117,BG0SZP5
Societe Anonyme Des Bains De Mer Et Du Cercle Des Etrangers A Monaco Sa,BAIN,XPAR,XPAR,[],MC0000031187,F06489102,4184706
Getlink Se,GET,XPAR,XPAR,['Euro Stoxx 600'],FR0010533075,F4R053105,B292JQ9
Icade SA,ICAD,XPAR,XPAR,['Euro Stoxx 600'],FR0000035081,F4931M119,4554406
Figeac Aero SA,FGA,XPAR,XPAR,[],FR0011665280,F3R50B103,BHC8KJ9
Elis Sa,ELIS,XPAR,XPAR,['Euro Stoxx 600'],FR0012435121,F2976F106,BVSS790
Vranken Pommery Monopole,VRAP,XPAR,XPAR,[],FR0000062796,F9815S108,5438435
Eiffage Sa,FGR,XPAR,XPAR,['Euro Stoxx 600'],FR0000130452,F2924U106,B13X013
Groupe Sfpi SA,SFPI,XPAR,XPAR,[],FR0004155000,F2896M108,5933640
Orapi SA,ORAP,XPAR,XPAR,[],FR0000075392,F6862B103,7437968
Tonnellerie Francois Freres Sa,TFF,XPAR,XPAR,[],FR0013295789,F9229B105,BF2RW18
Robertet Cdv,CBR,XPAR,XPAR,[],FR0000045619,F78649112,4645430
Societe Pour L Informatique Industrielle Sa,SII,XPAR,XPAR,[],FR0000074122,F84073109,5801297
Aurea Sa,AURE,XPAR,XPAR,[],FR0000039232,F04977116,4061821
Jacquet Metals Sa,JCQ,XPAR,XPAR,[],FR0000033904,F5325D102,5286582
Prodways Group,PWG,XPAR,XPAR,[],FR0012613610,F7329W102,BYPDV64
Credit Agricole Brie Picardie,CRBP2,XPAR,XPAR,[],FR0010483768,F1439Z113,B1YGZL6
Somfy Sa,SO,XPAR,XPAR,[],FR0013199916,F8612B102,BYXKN05
Ses SA,SESG,XPAR,XPAR,['Euro Stoxx 600'],LU0088087324,L8300G135,B00ZQQ2
Seche Environnement,SCHP,XPAR,XPAR,[],FR0000039109,F8211M103,5366837
Biomerieux SA,BIM,XPAR,XPAR,['Euro Stoxx 600'],FR0013280286,,BF0LBX7
Cbo Territoria SA,CBOT,XPAR,XPAR,[],FR0010193979,F1524G103,B08TZN6
Aubay Sa,AUB,XPAR,XPAR,[],FR0000063737,F0483W109,5997323
Guillemot Corp Sa,GUI,XPAR,XPAR,[],FR0000066722,,5916425
Vinci SA,DG,XPAR,XPAR,"['Cac 40', 'Euro Stoxx 50', 'Euro Stoxx 600', 'Russell 1000', 'Russell 3000', 'Snp 500']",FR0000125486,F5879X108,B1XH026
Metropole Television,MMT,XPAR,XPAR,[],FR0000053225,F62379114,5993901
Lvmh Moet Hennessy Louis Vuitton SA,MC,XPAR,XPAR,"['Cac 40', 'Euro Stoxx 50', 'Euro Stoxx 600']",FR0000121014,F58485115,4061412
Francaise De LEnergie,FDE,XPAR,XPAR,[],FR0013030152,F39167105,BZ1FF70
Ipsen SA,IPN,XPAR,XPAR,['Euro Stoxx 600'],FR0010259150,F5362H107,B0R7JF1
Spie SA,SPIE,XPAR,XPAR,['Euro Stoxx 600'],FR0012757854,F8691R101,BYZFYS3
Wavestone Sa,WAVE,XPAR,XPAR,[],FR0013357621,F98323102,BF1HKP9
Dassault Systemes Se,DSY,XPAR,XPAR,"['Cac 40', 'Euro Stoxx 600']",FR0014003TT8,F24571451,BM8H5Y5
Ubisoft Entertainment SA,UBI,XPAR,XPAR,['Euro Stoxx 600'],FR0000054470,F9396N106,B1L3CS6
Accor Sa,AC,XPAR,XPAR,"['Cac 40', 'Euro Stoxx 600']",FR0000120404,F00189120,5852842
Caisse Reg Credit Agric Mut Nord France,CNF,XPAR,XPAR,[],FR0000185514,F9220X106,B0VTSP6
Savencia Sa,SAVE,XPAR,XPAR,[],FR0000120107,,4356925
Bnp Paribas SA,BNP,XPAR,XPAR,"['Cac 40', 'Euro Stoxx 50', 'Euro Stoxx 600']",FR0000131104,F1058Q238,7309681
Societe Bic,BB,XPAR,XPAR,['Euro Stoxx 600'],FR0000120966,F10080103,5298781
Robertet Ci,CBE,XPAR,XPAR,[],FR0000045601,F78649104,4899583
Maisons Du Monde Sa,MDM,XPAR,XPAR,[],FR0013153541,F59463103,BYY8LS2
Coface Sa,COFA,XPAR,XPAR,[],FR0010667147,F22736106,BNFWV75
Danone SA,BN,XPAR,XPAR,"['Cac 40', 'Euro Stoxx 50', 'Euro Stoxx 600']",FR0000120644,F12033134,B1Y9TB3
Transgene Sa,TNG,XPAR,XPAR,[],FR0005175080,F92641111,5429075
Ovh Groupe Sa,OVH,XPAR,XPAR,[],FR0014005HJ9,F97637106,BLPLBD4
Olympique Lyonnais Groupe Sa,OLG,XPAR,XPAR,[],FR0010428771,F67262109,B1PMPV3
Roche Bobois SA,RBO,XPAR,XPAR,[],FR0013344173,,BD2YZP0
Segro Plc,SGRO,XPAR,XPAR,"['Euro Stoxx 600', 'Ftse 100', 'Ftse 350']",GB00B5ZN1N88,G80277141,B3YP829
Adux Sa,ADUX,XPAR,XPAR,[],FR0012821890,F4816V218,BYZR025
Societe Marseillaise Du Tunnel Prado-Carenage,SMTPC,XPAR,XPAR,[],FR0004016699,,B1KPV64
Credit Agricole SA,ACA,XPAR,XPAR,"['Cac 40', 'Euro Stoxx 600']",FR0000045072,F22797108,7262610
Id Logistics Sas,IDL,XPAR,XPAR,[],FR0010929125,F50685100,B4RFDT5
Esso Saf,ES,XPAR,XPAR,"['Russell 1000', 'Russell 3000', 'Snp 500']",FR0000120669,F31710100,4320986
Vicat SA,VCT,XPAR,XPAR,[],FR0000031775,F18060107,5763201
Peugeot Invest Sa,PEUG,XPAR,XPAR,[],FR0000064784,F7300Q108,4344072
Vilmorin Cie,RIN,XPAR,XPAR,[],FR0000052516,F9768K102,B0WM393
Valneva Se,VLA,XPAR,XPAR,[],FR0004056851,F9635C101,B03KGM0
Nexans Sa,NEX,XPAR,XPAR,[],FR0000044448,F65277109,7130836
Erytech Pharma Sa,ERYP,XPAR,XPAR,[],FR0011471135,F3417Z115,B95J1X4
Alten Sa,ATE,XPAR,XPAR,['Euro Stoxx 600'],FR0000071946,F02626103,5608915
Avenir Telecom SA,AVT,XPAR,XPAR,[],,F0589A100,BMXN2W5
Vetoquinol Sa,VETO,XPAR,XPAR,[],FR0004186856,F97121101,B1GN292
Haulotte Group Sa,PIG,XPAR,XPAR,[],FR0000066755,F4752U109,5968846
Safran Sa,SAF,XPAR,XPAR,"['Cac 40', 'Euro Stoxx 50', 'Euro Stoxx 600']",FR0000073272,F4035A557,B058TZ6
Claranova Sa,CLA,XPAR,XPAR,[],FR0013426004,F05524107,BKDWSH5
Catering International Services SA,CTRG,XPAR,XPAR,[],FR0000064446,F1422H104,7172946
Acteos SA,EOS,XPAR,XPAR,[],FR0000076861,F2464M100,4069740
Jacques Bogart Sa,JBOG,XPAR,XPAR,[],FR0012872141,F105BV100,BZ03597
Balyo SA,BALYO,XPAR,XPAR,[],FR0013258399,F06579100,BF2MK42
Forsee Power Sa,FORSE,XPAR,XPAR,[],FR0014005SB3,,BL63JM4
Argan Sa,ARG,XPAR,XPAR,"['Russell 2000', 'Russell 3000']",FR0010481960,F0378V109,B1YKDN6
Totalenergies Se,TTE,XPAR,XPAR,"['Cac 40', 'Euro Stoxx 50', 'Euro Stoxx 600']",FR0000120271,F92124100,B15C557
Loreal,OR,XPAR,XPAR,"['Cac 40', 'Euro Stoxx 50', 'Euro Stoxx 600']",FR0000120321,F58149133,4057808
Pernod Ricard SA,RI,XPAR,XPAR,"['Cac 40', 'Euro Stoxx 50', 'Euro Stoxx 600']",FR0000120693,F72027109,4682329
Akwel Sa,AKW,XPAR,XPAR,[],FR0000053027,F6179U109,4569530
Orange SA,ORA,XPAR,XPAR,"['Cac 40', 'Euro Stoxx 50', 'Euro Stoxx 600']",FR0000133308,,5176177
Assystem Sa,ASY,XPAR,XPAR,[],FR0000074148,F0427A122,5797921
Airbus Se,AIR,XPAR,XPAR,"['Cac 40', 'Dax', 'Euro Stoxx 50', 'Euro Stoxx 600']",NL0000235190,N0280G100,4012250
Bastide Le Confort Medical SA,BLC,XPAR,XPAR,[],FR0000035370,,B0VTWY3
Altamir Sca,LTA,XPAR,XPAR,[],FR0000053837,F0261L168,B1YJJ57
Essilorluxottica SA,EL,XPAR,XPAR,"['Cac 40', 'Euro Stoxx 50', 'Euro Stoxx 600']",FR0000121667,F31665106,7212477
Societe Fonciere Lyonnaise Sa,FLY,XPAR,XPAR,[],FR0000033409,F38493114,4643304
Solutions 30 Se,S30,XPAR,XPAR,[],FR0013379484,L86508113,BD5FFX8
Medincell SA,MEDCL,XPAR,XPAR,[],FR0004065605,F6104D107,B048Z71
Thermador Groupe SA,THEP,XPAR,XPAR,[],FR0013333432,F91651194,BFMGL63
Bollore Se,BOL,XPAR,XPAR,['Euro Stoxx 600'],FR0000039299,F10659260,4572709
Eurazeo Se,RF,XPAR,XPAR,['Euro Stoxx 600'],FR0000121121,F3296A108,7042395
Adocia Sa,ADOC,XPAR,XPAR,[],FR0011184241,F0106U100,B43XG38
Kering Sa,KER,XPAR,XPAR,"['Cac 40', 'Euro Stoxx 50', 'Euro Stoxx 600']",FR0000121485,F5433L103,5505072
Merck Co Inc,MRK,XPAR,XPAR,"['Dax', 'Dow Jones', 'Euro Stoxx 600', 'Nasdaq Composite', 'Russell 1000', 'Russell 3000', 'Snp 500']",,,B583339
Teleperformance Se,TEP,XPAR,XPAR,"['Cac 40', 'Euro Stoxx 600']",FR0000051807,F9120F106,5999330
Bigben Interactive,BIG,XPAR,XPAR,[],FR0000074072,,5800034
Schneider Electric Se,SU,XPAR,XPAR,"['Cac 40', 'Euro Stoxx 50', 'Euro Stoxx 600']",FR0000121972,F86921107,4834108
Passat Sa,PSAT,XPAR,XPAR,[],FR0000038465,F7141X106,7560949
Dbv Technologies Sa,DBV,XPAR,XPAR,[],FR0010417345,F2927N109,B59DTF2
Euromedis Groupe,ALEMG,XPAR,ALXP,[],FR0000075343,,5943401
Boostheat,ALBOO,XPAR,ALXP,[],FR0011814938,,BKT9VY8
Delta Plus Group,ALDLT,XPAR,ALXP,[],FR0013283108,,BD72FV5
Novacyt,ALNOV,XPAR,ALXP,[],FR0010397232,F65568101,B8QCPL1
Hf Company,ALHF,XPAR,ALXP,[],FR0000038531,F48158103,B05Q8M0
Cogelec,ALLEC,XPAR,ALXP,[],FR0013335742,,BDFDMJ7
Dnxcorp,ALDNX,XPAR,ALXP,[],FR0010436584,F30710101,B1VGKY7
Innelec Multimedia,ALINN,XPAR,ALXP,[],FR0000064297,F5188R107,5483640
Onxeo,ALONX,XPAR,ALXP,[],FR0010095596,F6816V106,B04P0G6
Netgem,ALNTG,XPAR,ALXP,[],FR0004154060,F6523M100,5940930
It Link,ALITL,XPAR,ALXP,[],FR0000072597,,5679610
Atari SA,ALATA,XPAR,ALXP,[],FR0010478248,F04280107,B2PW3T4
Diagnostic Medical Systems,ALDMS,XPAR,ALXP,[],FR0012202497,F26054159,BDC6ZM3
Groupe Ldlc,ALLDL,XPAR,ALXP,[],FR0000075442,,5948451
Amoeba,ALMIB,XPAR,ALXP,[],FR0011051598,F0R84X127,BYTHD33
Hipay Group,ALHYP,XPAR,ALXP,[],FR0012821916,F48170116,BYVTW30
Team,MLTEA,XPAR,XMLI,"['Nasdaq 100', 'Nasdaq Composite', 'Russell 1000', 'Russell 3000']",FR0000033466,,5590346
Safe,ALSAF,XPAR,ALXP,"['Russell 2000', 'Russell 3000']",FR0013467123,F7987L125,BJQTS76
Well,MLWEL,XPAR,XMLI,"['Russell 1000', 'Russell 3000', 'Snp 500']",FR0004152700,,B04YNW0
Keyrus,ALKEY,XPAR,ALXP,[],FR0004029411,,5979417
Cabasse Group,ALCG,XPAR,ALXP,[],FR0013530102,F0596X127,BL68NN8
Travel Technology,ALTTI,XPAR,ALXP,"['Russell 2000', 'Russell 3000']",FR0010383877,,B1G2MF5
Cibox Inter A Ctiv,ALCIB,ALXP,ALXP,[],FR0000054322,F16823100,5453610
Korian Sa,KORIp,CHIX,XPAR,[],FR0010386334,F5412L108,B1HKRM0
Electricite De France Sa,EDFp,CHIX,XPAR,['Euro Stoxx 600'],FR0010242511,F2940H113,B0NJJ17
Serge Ferrari Sas,SEFERp,CHIX,XPAR,[],FR0011950682,F8318G108,BN791N0
Verimatrix Sa,VMXp,CHIX,XPAR,[],FR0010291245,,B7H4WQ3
Essilorluxottica Sa,ELp,CHIX,XPAR,"['Cac 40', 'Euro Stoxx 50', 'Euro Stoxx 600']",FR0000121667,F31665106,7212477
Ubisoft Entertainment Sa,UBIp,CHIX,XPAR,['Euro Stoxx 600'],FR0000054470,F9396N106,B1L3CS6
Akwel,AKWp,CHIX,XPAR,[],FR0000053027,F6179U109,4569530
Biomerieux,BIMp,CHIX,XPAR,['Euro Stoxx 600'],FR0013280286,,BF0LBX7
Verallia Sa,VRLAp,CHIX,XPAR,[],FR0013447729,F96976117,BKT7807
Nacon Sa,NACONp,CHIX,XPAR,[],FR0013482791,,BL4SFK1
Danone Sa,BNp,CHIX,XPAR,"['Cac 40', 'Euro Stoxx 50', 'Euro Stoxx 600']",FR0000120644,F12033134,B1Y9TB3
Mercialys Sa,MERYp,CHIX,XPAR,[],FR0010241638,F61573105,B0LMF87
Medincell Sa,MEDCLp,CHIX,XPAR,[],FR0004065605,F6104D107,B048Z71
Ose Immuno,OSEp,CHIX,XPAR,[],FR0012127173,F6913C100,BWBSJ10
Atari Sa,ALATAp,CHIX,XPAR,[],FR0010478248,F04280107,B2PW3T4
Tarkett Sa,TKTTp,CHIX,XPAR,[],FR0004188670,,BGH15L3
Worldline SaFrance,WLNp,CHIX,XPAR,"['Cac 40', 'Euro Stoxx 600']",FR0011981968,,BNFWR44
Cie Des Alpes,CDAp,CHIX,XPAR,[],FR0000053324,F2005P158,B1YBWR6
Id Logistics Group,IDLp,CHIX,XPAR,[],FR0010929125,F50685100,B4RFDT5
Ses-Imagotag Sa,SESLp,CHIX,XPAR,[],FR0010282822,F8333P109,B0XMRC3
Elior Group Sa,ELIORp,CHIX,XPAR,[],FR0011950732,F3253Q112,BN40H61
Alstom Sa,ALOp,CHIX,XPAR,"['Cac 40', 'Euro Stoxx 600']",FR0010220475,F0259M475,B0DJ8Q5
Soitec,SOIp,CHIX,XPAR,[],FR0013227113,F8582K389,BZ6T5C2
Ab Science Sa,ABp,CHIX,XPAR,[],FR0010557264,F0028W101,B5VSTM2
Bouygues Sa,ENp,CHIX,XPAR,"['Cac 40', 'Euro Stoxx 600']",FR0000120503,F11487125,4002121
Lacroix Group Sa,LACRp,CHIX,XPAR,[],FR0000066607,,4511445
Rubis Sca,RUIp,CHIX,XPAR,['Euro Stoxx 600'],FR0013269123,F7686C152,BDT88L2
Jacques Bogart Sa,JBOGp,CHIX,XPAR,[],FR0012872141,F105BV100,BZ03597
Oeneo Sa,SBTp,CHIX,XPAR,[],FR0000052680,F6734P108,5998177
Eurazeo Se,RFp,CHIX,XPAR,['Euro Stoxx 600'],FR0000121121,F3296A108,7042395
Rexel Sa,RXLp,CHIX,XPAR,['Euro Stoxx 600'],FR0010451203,,B1VP0K0
Aubay,AUBp,CHIX,XPAR,[],FR0000063737,F0483W109,5997323
Catering International Services,CTRGp,CHIX,XPAR,[],FR0000064446,F1422H104,7172946
Transgene Sa,TNGp,CHIX,XPAR,[],FR0005175080,F92641111,5429075
Publicis Groupe Sa,PUBp,CHIX,XPAR,"['Cac 40', 'Euro Stoxx 600']",FR0000130577,F7607Z165,4380429
Veolia Environnement Sa,VIEp,CHIX,XPAR,"['Cac 40', 'Euro Stoxx 600']",FR0000124141,F9686M107,4031879
Eramet Sa,ERAp,CHIX,XPAR,[],FR0000131757,F3145H130,4017017
Prodways Group Sa,PWGp,CHIX,XPAR,[],FR0012613610,F7329W102,BYPDV64
Eurofins Scientific Se,ERFp,CHIX,XPAR,"['Cac 40', 'Euro Stoxx 600']",FR0014000MR3,L31839134,BNDPYV1
Euronext Nv,ENXp,CHIX,XPAR,['Euro Stoxx 600'],NL0006294274,N3113K397,BNBNSG0
Esso Sa Francaise,ESp,CHIX,XPAR,"['Russell 1000', 'Russell 3000', 'Snp 500']",FR0000120669,F31710100,4320986
Ateme Sa,ATEMEp,CHIX,XPAR,[],FR0011992700,F0414R138,BNGWYJ7
Groupe Sfpi,SFPIp,CHIX,XPAR,[],FR0004155000,F2896M108,5933640
Adocia,ADOCp,CHIX,XPAR,[],FR0011184241,F0106U100,B43XG38
Aramis Group Sas,ARAMIp,CHIX,XPAR,[],FR0014003U94,F0356L107,BMCQH08
Safran Sa,SAFp,CHIX,XPAR,"['Cac 40', 'Euro Stoxx 50', 'Euro Stoxx 600']",FR0000073272,F4035A557,B058TZ6
Societe Fonciere Lyonnaise Sa,FLYp,CHIX,XPAR,[],FR0000033409,F38493114,4643304
Paris Realty Fund Sa,PARp,CHIX,XPAR,[],FR0010263202,F70147107,B0T4GJ3
Claranova Se,CLAp,CHIX,XPAR,[],FR0013426004,F05524107,BKDWSH5
Hermes International,RMSp,CHIX,XPAR,"['Cac 40', 'Euro Stoxx 50', 'Euro Stoxx 600']",FR0000052292,F48051100,5253973
Cegedim Sa,CGMp,CHIX,XPAR,"['Cac 40', 'Euro Stoxx 600']",FR0000053506,,5456233
Adlpartner Saca,DKUPLp,CHIX,XPAR,[],FR0000062978,F0017V106,5458789
Solutions 30 Se,S30p,CHIX,XPAR,[],FR0013379484,L86508113,BD5FFX8
Abeo Sa,ABEOp,CHIX,XPAR,[],FR0013185857,,BZ13Z30
Smcp Sa,SMCPp,CHIX,XPAR,[],FR0013214145,F84440100,BDVP4Y6
Metropole Television Sa,MMTp,CHIX,XPAR,[],FR0000053225,F62379114,5993901
Icade,ICADp,CHIX,XPAR,['Euro Stoxx 600'],FR0000035081,F4931M119,4554406
Courtois Sa,COURp,CHIX,XPAR,"['Russell 2000', 'Russell 3000']",FR0000065393,F22428100,4228734
Dassault Aviation Sa,AMp,CHIX,XPAR,['Euro Stoxx 600'],FR0014004L86,F24539169,BMT9L19
Vicat Sa,VCTp,CHIX,XPAR,[],FR0000031775,F18060107,5763201
Itesoft Sa,ITEp,CHIX,XPAR,[],FR0004026151,F5319C102,4732785
Believe Sa,BLVp,CHIX,XPAR,[],FR0014003FE9,F1R34G149,BN0SCC0
Peugeot Invest,PEUGp,CHIX,XPAR,[],FR0000064784,F7300Q108,4344072
Seche Environnement Sa,SCHPp,CHIX,XPAR,[],FR0000039109,F8211M103,5366837
Aurea Sa,AUREp,CHIX,XPAR,[],FR0000039232,F04977116,4061821
Schneider Electric Se,SUp,CHIX,XPAR,"['Cac 40', 'Euro Stoxx 50', 'Euro Stoxx 600']",FR0000121972,F86921107,4834108
Vetoquinol Sa,VETOp,CHIX,XPAR,[],FR0004186856,F97121101,B1GN292
Covivio,COVp,CHIX,XPAR,['Euro Stoxx 600'],FR0000064578,,7745638
Klepierre Sa,LIp,CHIX,XPAR,['Euro Stoxx 600'],FR0000121964,F5396X102,7582556
Lagardere Sa,MMBp,CHIX,XPAR,['Euro Stoxx 600'],FR0000130213,F5485U100,4547213
Manutan International,MANp,CHIX,XPAR,[],FR0000032302,F60060104,4564869
Diagnostic Medical SystemsPais,ALDMSp,CHIX,XPAR,[],FR0012202497,F26054159,BDC6ZM3
Amplitude Surgical Sas,AMPLIp,CHIX,XPAR,[],FR0012789667,F0297D107,BZ0YDW9
Dassault Systemes Se,DSYp,CHIX,XPAR,"['Cac 40', 'Euro Stoxx 600']",FR0014003TT8,F24571451,BM8H5Y5
Solocal Group,LOCALp,CHIX,XPAR,[],FR00140006O9,F8569A172,BMF7DX3
Argan Sa,ARGp,CHIX,XPAR,"['Russell 2000', 'Russell 3000']",FR0010481960,F0378V109,B1YKDN6
Cafom Sa,CAFOp,CHIX,XPAR,[],FR0010151589,F17977103,B05HV24
Abc Arbitrage,ABCAp,CHIX,XPAR,[],FR0004040608,F0011K106,4121714
Gaztransport Et Technigaz Sa,GTTp,CHIX,XPAR,[],FR0011726835,F42674113,BJYRDP5
Beneteau Sa,BENp,CHIX,XPAR,[],FR0000035164,F09419106,7309283
Metabolic Explorer Sa,METEXp,CHIX,XPAR,[],FR0004177046,F61346106,B03LYZ2
Seb Sa,SKp,CHIX,XPAR,['Euro Stoxx 600'],FR0000121709,F82059100,4792132
Bollore Se,BOLp,CHIX,XPAR,['Euro Stoxx 600'],FR0000039299,F10659260,4572709
Cnp Assurances,CNPp,CHIX,XPAR,"['Euro Stoxx 600', 'Russell 1000', 'Russell 3000', 'Snp 500']",FR0000120222,F1876N318,5543986
X-Fab Silicon Foundries Se,XFABp,CHIX,XPAR,[],BE0974310428,B9901Z101,BD97P41
Thales Sa,HOp,CHIX,XPAR,"['Cac 40', 'Euro Stoxx 600']",FR0000121329,F9156M108,4162791
Manitou Bf Sa,MTUp,CHIX,XPAR,[],FR0000038606,F59766109,5724048
Lna Sante Sa,LNAp,CHIX,XPAR,[],FR0004170017,F5641R108,B03GCV9
St Dupont Sa,DPTp,CHIX,XPAR,[],FR0000054199,F87149104,5158186
Bourse Direct,BSDp,CHIX,XPAR,[],FR0000074254,F1139U109,5984767
Nexity Sa,NXIp,CHIX,XPAR,[],FR0010112524,F6527B126,B037JC2
Getlink Se,GETp,CHIX,XPAR,['Euro Stoxx 600'],FR0010533075,F4R053105,B292JQ9
Acteos,EOSp,CHIX,XPAR,[],FR0000076861,F2464M100,4069740
Neurones,NROp,CHIX,XPAR,[],FR0004050250,F6523H101,5972676
Orege Sa,OREGEp,CHIX,XPAR,[],FR0010609206,F6775A101,B2R4YH3
Maisons Du Monde Sa,MDMp,CHIX,XPAR,[],FR0013153541,F59463103,BYY8LS2
Graines Voltz Sa,GRVOp,CHIX,XPAR,[],FR0000065971,F98105103,5565634
Paragon Id Sa,PIDp,CHIX,XPAR,[],FR0013318813,F6957K117,BG0SZP5
2Crsi Saca,2CRSIp,CHIX,XPAR,[],FR0013341781,,BF2DSF2
Interparfums Sa,ITPp,CHIX,XPAR,[],FR0004024222,F5262B119,4433839
Quadient Sa,QDTp,CHIX,XPAR,[],FR0000120560,F7488R100,5617096
Union Financiere De France Bqe Sa,UFFp,CHIX,XPAR,[],FR0000034548,F95117101,4911982
Passat,PSATp,CHIX,XPAR,[],FR0000038465,F7141X106,7560949
Dbv Technologies Sa,DBVp,CHIX,XPAR,[],FR0010417345,F2927N109,B59DTF2
Alten Sa,ATEp,CHIX,XPAR,['Euro Stoxx 600'],FR0000071946,F02626103,5608915
Srp Groupe Sa,SRPp,CHIX,XPAR,[],FR0013006558,,BYNZ9V3
Thermador Groupe,THEPp,CHIX,XPAR,[],FR0013333432,F91651194,BFMGL63
Imerys Sa,NKp,CHIX,XPAR,['Euro Stoxx 600'],FR0000120859,F49644101,B011GL4
Lvmh Moet Hennessy Louis Vuitton Se,MCp,CHIX,XPAR,"['Cac 40', 'Euro Stoxx 50', 'Euro Stoxx 600']",FR0000121014,F58485115,4061412
Gerard Perrier Industrie Sa,PERRp,CHIX,XPAR,[],FR0000061459,F72038106,B1BRLP8
Generix Group Sadir,GENXp,CHIX,XPAR,[],FR0010501692,F4368N259,B23S5P4
Societe Des Bains De Mer Et Du Cercle Des Etrangers A Monaco,BAINp,CHIX,XPAR,[],MC0000031187,F06489102,4184706
Derichebourg Sa,DBGp,CHIX,XPAR,[],FR0000053381,F2546C237,4457088
Bureau Veritas Sa,BVIp,CHIX,XPAR,['Euro Stoxx 600'],FR0006174348,F96888114,B28DTJ6
Touax Sca-Sgtr-Cite-Sgt-Cmte-Taf-Slm Touage Investissments Reunies,TOUPp,CHIX,XPAR,[],FR0000033003,F92135114,5508974
Myhotelmatch Saca,MHMp,CHIX,XPAR,[],FR0011277391,,B881LH4
Wavestone,WAVEp,CHIX,XPAR,[],FR0013357621,F98323102,BF1HKP9
Guerbet,GBTp,CHIX,XPAR,[],FR0000032526,F46788109,4395155
Savencia Sa,SAVEp,CHIX,XPAR,[],FR0000120107,,4356925
Infotel Sa,INFp,CHIX,XPAR,[],FR0000071797,,5604667
Vallourec Sa,VKp,CHIX,XPAR,[],FR0013506730,F96708270,BLGWF90
Groupe Gorge Sa,GOEp,CHIX,XPAR,[],FR0000062671,F4606F100,B06BGH5
Guillemot Corp,GUIp,CHIX,XPAR,[],FR0000066722,,5916425
Ekinops Sas,EKIp,CHIX,XPAR,[],FR0011466069,F2925C113,B9QN618
Mauna Kea Technologies,MKEAp,CHIX,XPAR,[],FR0010609263,F6099Z105,B6R2RH6
Forsee Power Saca,FORSEp,CHIX,XPAR,[],FR0014005SB3,,BL63JM4
Ses Sa,SESGp,CHIX,XPAR,['Euro Stoxx 600'],LU0088087324,L8300G135,B00ZQQ2
Rallye Sa,RALp,CHIX,XPAR,[],FR0000060618,F43743107,4368920
Societe Generale Sa,GLEp,CHIX,XPAR,"['Cac 40', 'Euro Stoxx 50', 'Euro Stoxx 600']",FR0000130809,F8591M517,5966516
Television Francaise 1,TFIp,CHIX,XPAR,[],FR0000054900,F91255103,5997118
Caisse Regionale De Credit Agricole Mutuel Nord De France,CNFp,CHIX,XPAR,[],FR0000185514,F9220X106,B0VTSP6
Sanofi,SANp,CHIX,XPAR,"['Cac 40', 'Euro Stoxx 50', 'Euro Stoxx 600']",FR0000120578,F5548N101,5671735
Schlumberger Nv,SLBp,CHIX,XPAR,"['Russell 1000', 'Russell 3000', 'Snp 500']",AN8068571086,806857108,4779209
Orpea Sa,ORPp,CHIX,XPAR,['Euro Stoxx 600'],FR0000184798,F69036105,7339451
Balyo Sa,BALYOp,CHIX,XPAR,[],FR0013258399,F06579100,BF2MK42
Faurecia Se,EOp,CHIX,XPAR,['Euro Stoxx 600'],FR0000121147,F3445A108,4400446
Xilam Animation Sa,XILp,CHIX,XPAR,[],FR0004034072,F9858B103,7300651
Sogeclair,SOGp,CHIX,XPAR,[],FR0000065864,F85585101,5551365
Casino Guichard Perrachon Sa,COp,CHIX,XPAR,['Euro Stoxx 600'],FR0000125585,F14133106,4178419
Air France-Klm,AFp,CHIX,XPAR,"['Aex 25', 'Euro Stoxx 600']",FR0000031122,F01699135,4916039
Albioma Sa,ABIOp,CHIX,XPAR,[],FR0000060402,F0190K109,B188CY0
Sopra Steria Group Saca,SOPp,CHIX,XPAR,['Euro Stoxx 600'],FR0000050809,F20906115,5633616
Cie Generale Des Etablissements Michelin Sca,MLp,CHIX,XPAR,"['Cac 40', 'Euro Stoxx 600']",FR001400AJ45,F61824870,BPBPJ01
Arkema Sa,AKEp,CHIX,XPAR,['Euro Stoxx 600'],FR0010313833,F0392W125,B0Z5YZ2
Spie Sa,SPIEp,CHIX,XPAR,['Euro Stoxx 600'],FR0012757854,F8691R101,BYZFYS3
Highco,HCOp,CHIX,XPAR,[],FR0000054231,F4815C104,7394977
Kering Sa,KERp,CHIX,XPAR,"['Cac 40', 'Euro Stoxx 50', 'Euro Stoxx 600']",FR0000121485,F5433L103,5505072
Vilmorin 38 Cie Sa,RINp,CHIX,XPAR,[],FR0000052516,F9768K102,B0WM393
Europcar Mobility Group,EUCARp,CHIX,XPAR,[],FR0012789949,F36070120,BYNBTQ6
Accor Sa,ACp,CHIX,XPAR,"['Cac 40', 'Euro Stoxx 600']",FR0000120404,F00189120,5852842
Groupe Crit,CENp,CHIX,XPAR,[],FR0000036675,F1511B109,7071775
Nanobiotix Sa,NANOp,CHIX,XPAR,[],FR0011341205,F64308111,B8X9FN7
Edenred,EDENp,CHIX,XPAR,['Euro Stoxx 600'],FR0010908533,F3192L109,B62G1B5
Caisse Regionale De Credit Agricole Mutuel Brie Picardie,CRBP2p,CHIX,XPAR,[],FR0010483768,F1439Z113,B1YGZL6
Colas Sa,REp,CHIX,XPAR,"['Cac 40', 'Euro Stoxx 50', 'Euro Stoxx 600', 'Russell 1000', 'Russell 3000', 'Snp 500']",FR0000121634,F19320104,5996085
Gecina Sa,GFCp,CHIX,XPAR,['Euro Stoxx 600'],FR0010040865,F4268U171,7742468
Altarea Sca,ALTAp,CHIX,XPAR,[],FR0000033219,F0261X121,4821638
Cie Plastic Omnium Sa,POMp,CHIX,XPAR,[],FR0000124570,F73325106,B08V9H4
Marie Brizard Wine 38 Spirits Sa,MBWSp,CHIX,XPAR,[],FR0000060873,F6033R102,5182282
Coheris Sa,COHp,CHIX,XPAR,[],FR0004031763,F19289101,5929456
Ovh Groupe Sas,OVHp,CHIX,XPAR,[],FR0014005HJ9,F97637106,BLPLBD4
Ipsen Sa,IPNp,CHIX,XPAR,['Euro Stoxx 600'],FR0010259150,F5362H107,B0R7JF1
Amundi Sa,AMUNp,CHIX,XPAR,['Euro Stoxx 600'],FR0004125920,F0300Q103,BYZR014
Alan Allman Associates,AAAp,CHIX,XPAR,[],FR0000062465,F9697P107,4900924
Geneuro Sa,GNROp,CHIX,XPAR,[],CH0308403085,H33418106,BYZX380
Altur Investissement,ALTURp,CHIX,XPAR,[],FR0010395681,F9544D109,B04Y6G5
Figeac-Aero,FGAp,CHIX,XPAR,[],FR0011665280,F3R50B103,BHC8KJ9
Orapi,ORAPp,CHIX,XPAR,[],FR0000075392,F6862B103,7437968
Aeroports De Paris,ADPp,CHIX,XPAR,"['Euro Stoxx 600', 'Nasdaq 100', 'Nasdaq Composite', 'Russell 1000', 'Russell 3000', 'Snp 500']",FR0010340141,F00882104,B164FY1
Pierre Et Vacances Sa,VACp,CHIX,XPAR,[],FR0000073041,F4447W106,5700479
Abivax Sa,ABVXp,CHIX,XPAR,[],FR0012333284,F00182109,BYZZ7S4
Abionyx Pharma Sa,ABNXp,CHIX,XPAR,[],FR0012616852,F0020A107,BWCGXB1
Genfit,GNFTp,CHIX,XPAR,[],FR0004163111,F43738107,B03B708
Bastide Le Confort Medical,BLCp,CHIX,XPAR,[],FR0000035370,,B0VTWY3
Chargeurs Sa,CRIp,CHIX,XPAR,[],FR0000130692,F1615M100,5021318
Somfy Sa,SOp,CHIX,XPAR,[],FR0013199916,F8612B102,BYXKN05
Loreal Sa,ORp,CHIX,XPAR,"['Cac 40', 'Euro Stoxx 50', 'Euro Stoxx 600']",FR0000120321,F58149133,4057808
Wendel Se,MFp,CHIX,XPAR,['Euro Stoxx 600'],FR0000121204,F98370103,7390113
Media 6,EDIp,CHIX,XPAR,[],FR0000064404,F6099Q105,5483703
Aures Technologies Sa,AURSp,CHIX,XPAR,[],FR0013183589,F0500Q101,BD065D6
Erytech Pharma Sa,ERYPp,CHIX,XPAR,[],FR0011471135,F3417Z115,B95J1X4
Esi Group,ESIp,CHIX,XPAR,[],FR0004110310,,4031910
Hexaom,HEXAp,CHIX,XPAR,[],FR0004159473,,B0DCZT6
Actia Group,ATIp,CHIX,XPAR,[],FR0000076655,F0041Q123,5983786
Robertet Sa,CBEp,CHIX,XPAR,[],FR0000045601,F78649104,4899583
Robertet Sa,CBRp,CHIX,XPAR,[],FR0000045619,F78649112,4645430
Jcdecaux Se,DECp,CHIX,XPAR,['Euro Stoxx 600'],FR0000077919,F5333N100,7136663
Christian Dior Se,CDIp,CHIX,XPAR,['Euro Stoxx 600'],FR0000130403,F26334106,4061393
Cast Sa,CASp,CHIX,XPAR,[],FR0000072894,F14224103,5689147
Axway Software Sa,AXWp,CHIX,XPAR,[],FR0011040500,F0634C101,B3S0TP0
Roche Bobois Sas,RBOp,CHIX,XPAR,[],FR0013344173,,BD2YZP0
Neoen Sa,NEOENp,CHIX,XPAR,[],FR0011675362,F6517R107,BGV7F95
Altamir,LTAp,CHIX,XPAR,[],FR0000053837,F0261L168,B1YJJ57
Catana Group,CATGp,CHIX,XPAR,[],FR0010193052,F7247A109,B083S40
Stef Sa,STFp,CHIX,XPAR,[],FR0000064271,F8860X103,B0VY3M3
Technip Energies Nv,TEp,CHIX,XPAR,[],NL0014559478,N8486R101,BNC0116
Jacquet Metals Saca,JCQp,CHIX,XPAR,[],FR0000033904,F5325D102,5286582
Valneva Se,VLAp,CHIX,XPAR,[],FR0004056851,F9635C101,B03KGM0
Poxel Sa,POXELp,CHIX,XPAR,[],FR0012432516,F7S69W106,BVL8RS6
Uti Group Sa,FPGp,CHIX,XPAR,[],FR0000074197,F9556P107,5975040
Avenir Telecom,AVTp,CHIX,XPAR,[],FR001400CFI7,F0589A100,BMXN2W5
Kaufman Broad Sa,KOFp,CHIX,XPAR,[],FR0004007813,F5375H102,B138HB7
Rothschild 38 Co,ROTHp,CHIX,XPAR,[],FR0000031684,F7957F116,4672308
Elis Sa,ELISp,CHIX,XPAR,['Euro Stoxx 600'],FR0012435121,F2976F106,BVSS790
Vinci Sa,DGp,CHIX,XPAR,"['Cac 40', 'Euro Stoxx 50', 'Euro Stoxx 600', 'Russell 1000', 'Russell 3000', 'Snp 500']",FR0000125486,F5879X108,B1XH026
Sqli Sa,SQIp,CHIX,XPAR,[],FR0011289040,F8708K115,B8KMFF1
Societe Marseillaise Du Tunnel Prado-Carenage Sa,SMTPCp,CHIX,XPAR,[],FR0004016699,,B1KPV64
Tff Group,TFFp,CHIX,XPAR,[],FR0013295789,F9229B105,BF2RW18
Coface Sa,COFAp,CHIX,XPAR,[],FR0010667147,F22736106,BNFWV75
Covivio Hotels Saca,COVHp,CHIX,XPAR,[],FR0000060303,F3831G149,B1WSPV4
Cie De Lodet Se,ODETp,CHIX,XPAR,[],FR0000062234,F5758F103,4318806
Eutelsat Communications Sa,ETLp,CHIX,XPAR,['Euro Stoxx 600'],FR0010221234,F3692M128,B0M7KJ7
Valeo,FRp,CHIX,XPAR,['Euro Stoxx 600'],FR0013176526,F96221340,BDC5ST8
Totalenergies Ep Gabon,ECp,CHIX,XPAR,[],GA0000121459,V9047L105,4309781
Lysogene Sa,LYSp,CHIX,XPAR,[],FR0013233475,F58864103,BD31H32
Carmila Sa,CARMp,CHIX,XPAR,[],FR0010828137,F1387K266,B4Y0230
Bigben Interactive,BIGp,CHIX,XPAR,[],FR0000074072,,5800034
Renault Sa,RNOp,CHIX,XPAR,"['Cac 40', 'Euro Stoxx 600']",FR0000131906,F77098105,4712798
Orange Sa,ORAp,CHIX,XPAR,"['Cac 40', 'Euro Stoxx 50', 'Euro Stoxx 600']",FR0000133308,,5176177
Sartorius Stedim Biotech,DIMp,CHIX,XPAR,['Euro Stoxx 600'],FR0013154002,F8005V210,BYZ2QP5
Innate Pharma Sa,IPHp,CHIX,XPAR,[],FR0010331421,F5277D100,B1G5FB1
Air Liquide Sa,AIp,CHIX,XPAR,"['Cac 40', 'Euro Stoxx 50', 'Euro Stoxx 600', 'Russell 2000', 'Russell 3000']",FR0000120073,F01764103,B1YXBJ7
Euroapi Sa,EAPIp,CHIX,XPAR,['Cac 40'],FR0014008VX5,F33077102,BQ7ZVF1
Nhoa,NHOAp,CHIX,XPAR,[],FR0012650166,F76292105,BWV0D14
Sodexo Sa,SWp,CHIX,XPAR,"['Cac 40', 'Euro Stoxx 600']",FR0000121220,F84941123,7062713
Lisi,FIIp,CHIX,XPAR,[],FR0000050353,F5754P105,5489916
Burelle Sa,BURp,CHIX,XPAR,[],FR0000061137,F12264127,4152769
Gensight Biologics Sa,SIGHTp,CHIX,XPAR,[],FR0013183985,F4374K117,BD07M05
Remy Cointreau Sa,RCOp,CHIX,XPAR,['Euro Stoxx 600'],FR0000130395,F7725A100,4741714
Ol Groupe Sa,OLGp,CHIX,XPAR,[],FR0010428771,F67262109,B1PMPV3
Exel Industries,EXEp,CHIX,XPAR,[],FR0004527638,F9094V103,5266528
La Francaise Des Jeux Saem,FDJp,CHIX,XPAR,[],FR0013451333,F55896108,BG0SC10
Pcas,PCAp,CHIX,XPAR,[],FR0000053514,F7522B103,5834903
Nexans Sa,NEXp,CHIX,XPAR,[],FR0000044448,F65277109,7130836
Eiffage Sa,FGRp,CHIX,XPAR,['Euro Stoxx 600'],FR0000130452,F2924U106,B13X013
Cbo Territoria,CBOTp,CHIX,XPAR,[],FR0010193979,F1524G103,B08TZN6
Societe Bic Sa,BBp,CHIX,XPAR,['Euro Stoxx 600'],FR0000120966,F10080103,5298781
Pernod Ricard Sa,RIp,CHIX,XPAR,"['Cac 40', 'Euro Stoxx 50', 'Euro Stoxx 600']",FR0000120693,F72027109,4682329
Lectra,LSSp,CHIX,XPAR,[],FR0000065484,F56028107,4508663
Trigano Sa,TRIp,CHIX,XPAR,[],FR0005691656,F93488108,4457624
Synergie Se,SDGp,CHIX,XPAR,[],FR0000032658,F90342118,5999749
Cgg Sa,CGGp,CHIX,XPAR,[],FR0013181864,,BYVFMG1
Mersen Sa,MRNp,CHIX,XPAR,[],FR0000039620,F9622M146,5481202
Atos Se,ATOp,CHIX,XPAR,"['Cac 40', 'Euro Stoxx 600']",FR0000051732,F06116101,5654781
Equasens,EQSp,CHIX,XPAR,[],FR0012882389,F7242R115,BZ04NV8
Memscap Sa,MEMSp,CHIX,XPAR,[],FR0010298620,F6112P225,B114KJ6
Virbac Sa,VIRPp,CHIX,XPAR,[],FR0000031577,F97900116,7399369
Carrefour Sa,CAp,CHIX,XPAR,"['Cac 40', 'Euro Stoxx 50', 'Euro Stoxx 600']",FR0000120172,F13923119,5641567
Voltalia Sa,VLTSAp,CHIX,XPAR,[],FR0011995588,F98177128,BNLPTL8
Teleperformance,TEPp,CHIX,XPAR,"['Cac 40', 'Euro Stoxx 600']",FR0000051807,F9120F106,5999330
Inventiva Saca,IVAp,CHIX,XPAR,[],FR0013233012,F5R343107,BD3DW55
Hf Co,ALHFp,CHIX,XPAR,[],FR0000038531,F48158103,B05Q8M0
Linedata Services,LINp,CHIX,XPAR,"['Dax', 'Euro Stoxx 600', 'Russell 1000', 'Russell 3000', 'Snp 500']",FR0004156297,F57273116,5967876
Antin Infrastructure Partners Sa,ANTINp,CHIX,XPAR,[],FR0014005AL0,,BNZJDK3
Etablissements Maurel Et Prom Sa,MAUp,CHIX,XPAR,[],FR0000051070,F60858101,B05DY78
Nicox,COXp,CHIX,XPAR,[],FR0013018124,F6533F301,BZ16HF5
Lumibird,LBIRDp,CHIX,XPAR,[],FR0000038242,F7627R110,5336324
Cs Group Sa,SXp,CHIX,XPAR,[],FR0007317813,F2056D138,7004856
Capgemini Se,CAPp,CHIX,XPAR,"['Cac 40', 'Euro Stoxx 600']",FR0000125338,F4973Q101,4163437
Plastiques Du Val De Loire,PVLp,CHIX,XPAR,[],FR0013252186,F9620W104,BYPFFX5
Societe Pour Linformatique Industrielle,SIIp,CHIX,XPAR,[],FR0000074122,F84073109,5801297
Bonduelle Sca,BONp,CHIX,XPAR,[],FR0000063935,F10689119,5481989
Boiron Sa,BOIp,CHIX,XPAR,[],FR0000061129,F10626103,7622043
Transition Evergreen,EGRp,CHIX,XPAR,[],FR0000035784,F2624W105,5258901
Legrand Sa,LRp,CHIX,XPAR,"['Cac 40', 'Euro Stoxx 600']",FR0010307819,F56196185,B11ZRK9
Mcphy Energy Sa,MCPHYp,CHIX,XPAR,[],FR0011742329,F6S02U102,BKF1Y61
Gl Events,GLOp,CHIX,XPAR,[],FR0000066672,F7440W163,7154104
Ipsos,IPSp,CHIX,XPAR,[],FR0000073298,F5310M109,B188NJ2
Ald Sa,ALDp,CHIX,XPAR,[],FR0013258662,F0195N108,BF03BV1
Fermentalg,FALGp,CHIX,XPAR,[],FR0011271600,,BL25DD3
Axa Sa,CSp,CHIX,XPAR,"['Cac 40', 'Euro Stoxx 50', 'Euro Stoxx 600', 'Russell 1000', 'Russell 3000', 'Snp 500']",FR0000120628,F06106102,7088429
Fnac Darty Sa,FNACp,CHIX,XPAR,[],FR0011476928,F3808N101,B7VQL46
Vivendi Se,VIVp,CHIX,XPAR,"['Cac 40', 'Euro Stoxx 50', 'Euro Stoxx 600']",FR0000127771,F97982106,4834777
Sword Group,SWPp,CHIX,XPAR,[],FR0004180578,F91829105,B089JF6
Haulotte Group Sa,PIGp,CHIX,XPAR,[],FR0000066755,F4752U109,5968846
Assystem Sa,ASYp,CHIX,XPAR,[],FR0000074148,F0427A122,5797921
Adux Sa,ADUXp,CHIX,XPAR,[],FR0012821890,F4816V218,BYZR025
Nrj Group,NRGp,CHIX,XPAR,"['Russell 1000', 'Russell 3000', 'Snp 500']",FR0000121691,F6637Z112,5996126
Gaumont Sa,GAMp,CHIX,XPAR,[],FR0000034894,F42567101,4412162
Societe Ldc Sa,LOUPp,CHIX,XPAR,[],FR0013204336,F5588Z105,BD5BPJ2
Parrot Sa,PARROp,CHIX,XPAR,[],FR0004038263,F7096P108,B04VST3
Delta Plus Group,ALDLTp,CHIX,XPAR,[],FR0013283108,F25342191,BD72FV5
Credit Agricole Sa,ACAp,CHIX,XPAR,"['Cac 40', 'Euro Stoxx 600']",FR0000045072,F22797108,7262610
Robertet Sa,RBTp,CHIX,XPAR,[],FR0000039091,F78649120,4899572
Barbara Bui Sa,BUIp,CHIX,XPAR,"['Russell 1000', 'Russell 3000']",FR0000062788,,5436945
Vranken-Pommery Monopole Sa,VRAPp,CHIX,XPAR,[],FR0000062796,F9815S108,5438435
Latecoere Saca,LATp,CHIX,XPAR,[],FR0000032278,F51177107,7530146
Francaise Energie,FDEp,CHIX,XPAR,[],FR0013030152,F39167105,BZ1FF70
Navya Sas,NAVYAp,CHIX,XPAR,[],FR0013018041,F4952R104,BF2S5R8
Engie Sa,ENGIp,CHIX,XPAR,"['Cac 40', 'Euro Stoxx 50', 'Euro Stoxx 600']",FR0010208488,F7629A107,B0C2CQ3
